port,in($)_1,in($)_2,in($)_3,in($)_4,in($)_5,in($)_6,in($)_7,in($)_8,out($)_1,out($)_2,out($)_3,out($)_4,out($)_5,out($)_6,out($)_7,out($)_8,county_geocoder,latitude,longitude,ll_county,county
"Aberdeen-Hoquiam, WA",,,,,774724,,,,,855835,495880116,61668446,18466,13455,307481,,Grays Harbor County,46.9678284,-123.8459739,Grays Harbor,Grays Harbor
"Aguadilla, PR",,,737641,36104,115758,,196206,,,,,,,,21940,35417,,18.4953957,-67.1355779,Aguadilla,Aguadilla
"Alameda, CA",,,,,66780,,,,4243,,42886,,,,,,Alameda County,37.7956123,-122.2791662,Alameda,Alameda
"Albany, NY",,,473,,,,1396324,,,28916517,,,,,117060,,Albany County,42.6263032,-73.7580336,Albany,Albany
"Albuquerque, NM",,,11155,,,,,,,,,,,,,,Bernalillo County,35.0817626,-106.7345152,Bernalillo,Bernalillo
"Alcan, AK",165738,,400476,38691,,,39411,,,46990,,,13045240,,66305,,Southeast Fairbanks,62.6584334,-141.131215,Southeast Fairbanks,Southeast Fairbanks
"Alexandria Bay, NY",91880958,1936978,29194415,4272175,9277996,75668533,175473391,20823321,16473975,462122,143918539,17282739,41259514,58472957,165302935,56560625,Jefferson County,44.2970513,-75.975928,Jefferson,Jefferson
"Algonac, MI",,,,,,,,,,,35629,,100205,,,,St Clair County,42.6130715,-82.5458297,St. Clair,St. Clair
"Allentown, PA",,,,,,,,,,,,95314,,,41683,,Lehigh County,40.6139036,-75.4537958,Lehigh,Lehigh
"Alpena, MI",,,,,,,,,,,,61284,,,,,Alpena County,45.05948,-83.4302844,Alpena,Alpena
"Amarillo, TX",,,,,,,,,2605,,,,,,,,Potter County,35.1933101,-101.9127663,Potter,Potter
"Ambrose, ND",,,,,,,,,,18538,64242,48835,127946,,13432,,Divide County,48.9977702,-103.4872681,Divide,Divide
"Anacortes, WA",,,,,,,91986,,,,3622,,304140,31597,,,Skagit County,48.521744,-122.612822,Skagit,Skagit
"Anchorage, AK",5120,,3957438,3467457,6572887,60024,11263952,161194,222312,13628,18869226,75294300,1873579562,1241421,21024010,2650857,Anchorage,61.2402778,-149.8861111,Anchorage,Anchorage
"Annapolis, MD",,,,30051,,,120043,62438,,,,,,,,,Anne Arundel County,38.9635969,-76.478751,Anne Arundel,Anne Arundel
"Antler, ND",,2246755,2437226,,,,,,,,56296,24099,,,,,Bottineau County,48.9984673,-101.298785,Bottineau,Bottineau
"Astoria, OR",,,,,,,98871,,,29871,550647,,930499,243582,,,Clatsop County,46.1897701,-123.8572519,Clatsop,Clatsop
"Atlanta, GA",4524717,,36744847,17498888,47224376,421635,19463036,2093410,53102196,193195,8563421,11000980,10886019,808221,53058649,1453062,Clayton County,33.639692,-84.3976466,Clayton,Clayton
"Atlantic City User Fee Airport, NJ",,,,,,,,,,,,,,,462827,,Atlantic County,39.4557779,-74.5725117,Atlantic,Atlantic
"Austin, TX",,,6993,13498,,,19683,,,,11509,3396,40188,3015,9451,,Travis County,30.2021489,-97.666829,Travis,Travis
"Avondale, LA",,,,,,,,,,,,,,,13265452,,St Charles Parish,29.971767,-90.2823726,St. Charles,St. Charles
"Baltimore, MD",,35172248,741666705,28758630,254539833,46370531,823719541,427001055,,2571089,31307655,22435978,74427784,19786436,93873038,14141006,,39.2860063,-76.609661,Baltimore,Baltimore
"Baltimore-Washington International Airport, MD",5390,,124675,103958,420049,7000,69495,,27730,,6687,,347301,,401273,,Anne Arundel County,39.1774042,-76.6683922,Anne Arundel,Anne Arundel
"Bangor, ME",,,,,,,,,,,41799,,13701,85598,48183,30555,Penobscot County,44.8069263,-68.823274,Penobscot,Penobscot
"Bar Harbor, ME",,,,,,,,,,,,,,14753,,,Hancock County,44.41361,-68.24611,Hancock,Hancock
"Baton Rouge, LA",,,12802,,,,10613190,27600,,265962672,72422066,466851196,,,2727710,,West Baton Rouge Parish,30.4346355,-91.2014966,West Baton Rouge,West Baton Rouge
"Battle Creek, MI",,,,,,,,,,,67151,,86896,13878,120713,,Calhoun County,42.3393947,-85.2768713,Calhoun,Calhoun
"Baudette, MN",,,,,,,,73838,,,211134,64033,13648194,125304,409060,220793,,48.7176199,-94.5942192,Lake of the Woods,Lake of the Woods
"Beaufort-Morehead City, NC",,,965204,,,,,,,,,,,,34595,,Carteret County,34.7171727,-76.6650988,Carteret,Carteret
"Beaumont, TX",,,,,,,,26585,,295176467,,,,,,,Jefferson County,30.0793963,-94.0923294,Jefferson,Jefferson
"Beecher Falls, VT",,,880477,,,,7174,,,,26774,,4274,,6741,,Essex County,45.012768,-71.5061018,Essex,Essex
"Belfast, ME",,,,,,,,,,13091,8629,,,,,,Waldo County,44.418767,-69.023522,Waldo,Waldo
"Bellingham, WA",,,8716,5072684,4930075,,,,,186849,3597999,3680012,53609517,523884,498400,731875,Whatcom County,48.7574951,-122.4953805,Whatcom,Whatcom
"Blaine, WA",609570,26060239,317327397,299163468,525253797,191269956,326945050,21928199,8851499,27082716,1012538734,65768276,657351635,207567661,470778904,252921569,Whatcom County,48.994467,-122.759004,Whatcom,Whatcom
"Boise, ID",,,,,,,,,,,,,,,24740,,Ada County,43.6116897,-116.2878962,Ada,Ada
"Boston, MA",,1749740,10283353,18832252,594292820,14417729,179856500,487797106,,113014,1638012,83795338,91244318,2297101,20948231,465541,Suffolk County,42.343651,-71.033022,Suffolk,Suffolk
"Boundary, WA",,,,,,,,,,2665,10104,3873,,,7595,,Stevens County,48.998753,-117.6289533,Stevens,Stevens
"Bridgeport, CT",,,7855,,,,,,,,,,,,,,Fairfield County,41.1750046,-73.1856273,Fairfield,Fairfield
"Bridgewater, ME",,200180,546731,,,,9301435,,,289649,1058748,,147826,103323,21273676,,Aroostook County,46.4502092,-67.7861707,Aroostook,Aroostook
"Brownsville, TX",445013,,31549345,9539836,15678902,17526,189839423,151189,4451623,10825865,383664267,26627296,11045927,7517831,120169539,15590173,Cameron County,25.9508669,-97.4109459,Cameron,Cameron
"Brunswick, GA",,23578448,1369235,,2325,,,32933,,2064741,13867270,274674979,538455,6528950,,,Glynn County,31.131813,-81.5368539,Glynn,Glynn
"Buffalo-Niagara Falls, NY",76755248,91101613,726354465,253875804,423029349,886986120,974321777,127189948,19372657,9682290,1079155274,192998464,363916937,408963254,1212037235,277323424,Niagara County,43.130626,-79.041359,Niagara,Niagara
"Burlington, VT",,,,,,,,,,,69485,,,,265450,4504,Chittenden County,44.474218,-73.221388,Chittenden,Chittenden
"Butte, MT",,,,,,,,,,,,,,,25820,9539,Silver Bow County,46.0010698,-112.6711893,Silver Bow,Silver Bow
"Calais, ME",160446,,43721271,29341727,767749695,2073396,51201075,14699491,300672,54353,54362664,10114957,178729165,2855670,26971886,3684693,,45.1613254,-67.2990189,Washington,Washington
"Calexico, CA",,,,,,,,,,37809122,24541087,6399046,19510363,2441670,23060690,12261840,Imperial County,32.6651897,-115.496081,Imperial,Imperial
"Calexico-East, CA",,6017302,357125253,3312540,168263916,191629679,169270621,63219540,12728,30270831,169937558,16590789,90860163,48029586,110861624,24890093,Imperial County,32.6655684,-115.499288,Imperial,Imperial
"Camden, NJ",,,,,,,28838,,,,2147156,,,87711,396867,,Camden County,39.9376731,-75.1292216,Camden,Camden
"Cape Vincent, NY",,,,,,,,,,,125923,79782,,9934,7211,,Jefferson County,44.1289552,-76.3381761,Jefferson,Jefferson
"Carbury, ND",,,1333539,,,,,,,,,5660,,104105,,,Bottineau County,48.9976327,-100.5562352,Bottineau,Bottineau
"Champlain-Rouses Point, NY",7686511,15521927,216693518,65397739,403431250,88639720,350224058,40351235,31345107,2545175,455575114,41988453,161140739,55327974,388795387,37663129,Clinton County,45.0009143,-73.3677438,Clinton,Clinton
"Charleston, SC",,18579721,803461034,117813852,40414873,58260367,232581751,216168713,1092905,3763263,415258000,111012879,340369689,58447425,229971607,424337326,Charleston County,32.7708321,-79.8968733,Charleston,Charleston
"Charlotte Amalie, VI",,,532681,,329823,199266,796651,15473115,,,,,,,99577,703618,Water Island,18.3384508,-64.9397081,St. Thomas,St. Thomas
"Charlotte, NC",4400,,1223471,3744521,1210229,11962,730624,3616,,,2188221,329706,2952,26283,1502869,23341,Mecklenburg County,35.2717325,-80.9094967,Mecklenburg,Mecklenburg
"Chester, PA",,,140340540,6711249,3610151,17448380,251447580,21719868,38450090,1217140,979546,668915,39060,441552,35407887,640423,Delaware County,39.8524144,-75.3419458,Delaware,Delaware
"Chicago, IL",19289876,4592292,77341215,102538208,60236291,50695614,204203502,55829406,167562221,3428933,16185870,87615771,46550406,5734312,135903290,7083446,Cook County,41.7287385,-87.5334615,Cook,Cook
"Christiansted, VI",,,456726,,92654,124641,24382523,2927142,,,,,,,,109521,,17.7469291,-64.7075146,St. Croix,St. Croix
"Cincinnati-Lawrenceburg, OH",,3873,1007867,4030825,24611,94490,1035848,16462330,70581203,16400,394454,513957,,25927,2483538,652592,Hamilton County,39.099814,-84.511977,Hamilton,Hamilton
"Cleveland, OH",4395,250418,19510713,18967949,127167,133888,11420059,1308112,2409908,24816,31824866,9644438,793893,959008,10221149,3935174,Cuyahoga County,41.5014293,-81.7028655,Cuyahoga,Cuyahoga
"Columbia, SC",,,650,,,,6500,451279,,,,,,,,,Lexington County,33.944432,-81.1095231,Lexington,Lexington
"Columbus, NM",9676478,446102,36134242,,,97300,11330,,,,584660,93155,,,,,,31.7844155,-107.6276544,Luna,Luna
"Columbus, OH",,,156076,7698300,31248,93561,407010,19786,,,33434,8039,2759,,27493,,Franklin County,39.9999399,-82.8871767,Franklin,Franklin
"Coos Bay, OR",,,,,,,,,,,295136,,,,,46440,Coos County,43.367748,-124.213429,Coos,Coos
"Coral Bay, VI",,,,,,,,,,,11461,4564,26946,4838,19530,9854,Cruz Bay,18.3320603,-64.7945631,St. John,St. John
"Corpus Christi, TX",,,,,,,,,,577278176,247936212,,,,,,Nueces County,27.8039563,-97.3932329,Nueces,Nueces
"Crockett, CA",,,,,,,278454922,,,,,,,,,,Contra Costa County,38.0531281,-122.2252095,Contra Costa,Contra Costa
"Cruz Bay, VI",,,,,,,,,,,,,,2956,304251,3145669,Cruz Bay,18.3320603,-64.7945631,St. John,St. John
"Dallas Love Field, Dallas, TX",,,,,,,,,5200,,,,,,,,Dallas County,32.8481029,-96.8512063,Dallas,Dallas
"Dallas-Fort Worth, TX",740791,11385,9817748,27676024,21872756,123412,14915563,370626,2140208,42939,6702613,21157236,3201279,306124,13397895,1033052,Dallas County,32.910676,-97.0094811,Dallas,Dallas
"Dalton Cache, AK",,,5075,,180486,,,,,,,,4106,,,,,59.4503047,-136.3612427,,
"Danville, WA",,,,,,,,,,,24105,,,,,,Ferry County,48.9999383,-118.5035294,Ferry,Ferry
"Dayton, OH",1852019,,,,,,,,1477300,,,,,,270833,,Montgomery County,39.7550722,-84.1854037,Montgomery,Montgomery
"Del Bonita, MT",,76401,22461,,,,,,14598,,3879619,17654,,,3264,,Division No. 3,48.9987334,-112.7879394,,
"Del Rio, TX",36216787,,3247537,66964,,,367648,,137489,430903,7224099,3052951,225136,108802,99548,46986,Val Verde County,29.3340299,-100.9180082,Val Verde,Val Verde
"Denver, CO",242699,,905134,286308,4099922,8169,3576436,201020,1911088,,2095431,688188,89031,9093,4105960,578015,Denver County,39.7577895,-104.9861127,Denver,Denver
"Derby Line, VT",965387,5220129,53356303,25297001,17985703,15125188,67704588,939101,307485,,3156055,1173078,1183619,591295,3833052,481567,Orleans County,45.0045056,-72.0892837,Orleans,Orleans
"Des Moines, IA",,,,,,,,,,,37416,,,,22438,,Polk County,41.5341333,-93.6587958,Polk,Polk
"Detour City, MI",,,,,,,,,,,60004,10000,,4564,30990,2897,NoData,NoData,NoData,NoData,Chippewa
"Detroit Metropolitan Airport, MI",4308133,272191,3557291,817316,495996,166970,1469872,59146,27976,34757,126867,34814,19723,19346,1588748,68675,Wayne County,42.2161722,-83.3553842,Wayne,Wayne
"Detroit, MI",86857278,147510020,789444354,129763579,557382783,993786508,1343874895,340648173,4498282,213627303,1909557149,361951685,1862832114,865898159,1449329356,327323454,Wayne County,42.327535,-83.0412827,Wayne,Wayne
"Douglas, AZ",65547817,,48514989,,,,313633,17371,306000,17380,96377198,1595164,39159,51545,614373,346363,Cochise County,31.384423,-109.516895,Cochise,Cochise
"Duluth, MN - Superior, WI",,,,,675360,,,,,157585078,33012069,22894800,,,,,St Louis County,46.7572947,-92.1017691,St. Louis,St. Louis
"Dunseith, ND",106722012,13593193,54582610,2551936,,1417823,1767125,,431436,13852297,22832275,15931201,13954,961487,1054732,116141,Rolette County,48.9983331,-100.0522981,Rolette,Rolette
"Durham, NC",,,173817,398135,617355,,2254301,116141,,,83768,40312,,,511152,,Wake County,35.8768885,-78.7926863,Wake,Wake
"Eagle Pass, TX",75591482,742407,32085348,15524330,,,186346806,1057730317,20141065,284871487,872095151,327032257,14309153,93042730,503943632,5639178,Maverick County,28.705596,-100.5061141,Maverick,Maverick
"Eastport, ID",335264087,58691939,32748143,279563305,27895249,41536190,279213064,5413066,2682017,1567370,200880302,6099831,3386431,36811764,86948580,63771169,Boundary County,49.0001318,-116.1815088,Boundary,Boundary
"Eastport, ME",,,,,3946795,,,,38311248,,13403,70968,40957565,10305,26660,,Washington County,44.9076241,-66.984036,Washington,Washington
"El Paso, TX",,141470,233170661,12192730,3862776,14043677,180318067,260662132,6508465,880023361,439916575,221455369,284084218,63736885,745490958,26559995,El Paso County,31.67214,-106.3353211,El Paso,El Paso
"El Segundo, CA",,,,,,,51816,,,,,585000,155597,16007,1214464,,Los Angeles County,33.8965571,-118.3925726,Los Angeles,Los Angeles
"Escanaba, MI",,,,,,,,8348,,,21242,,,32754,,,Delta County,45.7440779,-87.0446359,Delta,Delta
"Everett, WA",,,128462,,,,,603944,,10913,,,453770,21729,81043,,Snohomish County,48.0007168,-122.2173022,Snohomish,Snohomish
"Fabens, TX",,,,,,,,,,3380765,,,285001,,,,El Paso County,31.4352601,-106.1422299,El Paso,El Paso
"Fall River, MA",,,28988,,176162,,,453323,,,,,,,14700,,Bristol County,41.7014912,-71.1550451,Bristol,Bristol
"Fargo, ND",,,,,,,,,3044335,,,57168,,,,,Cass County,46.9196105,-96.8181729,Cass,Cass
"Fernandina, FL",,,,,385880,,,,,41179,3480524,544510,4287104,2530156,9219971,3330740,Nassau County,30.6277138,-81.5560669,Nassau,Nassau
"Ferry, WA",,,,,,,,,,,51610,,,29591,69999,,Island County,48.1594884,-122.672507,Island,Island
"Fort Fairfield, ME",,,130089,,,381813,10091814,,,96695,5695639,789879,135130,3629002,3165167,883926,Aroostook County,46.765749,-67.7899427,Aroostook,Aroostook
"Fort Kent, ME",,,28089,,,,,,395955,1249031,213027,,,,,,,47.2482649,-68.6028918,Aroostook,Aroostook
"Fort Myers Airport, FL",2850,,,,,2209,2135,4849,,,,,290258,,3160781,13745,Lee County,26.5337051,-81.7553083,Lee,Lee
"Fort Pierce, FL",,,,,469948,,,,,141763,342611,517457,1867607,867592,2741384,241254,St Lucie County,27.459089,-80.3263458,St. Lucie,St. Lucie
"Fort Worth Alliance Airport, TX",,,,,,,,,,,,7310,,,,,Tarrant County,32.9873898,-97.3140628,Tarrant,Tarrant
"Fortuna, ND",,,2036,,,,,,,134669,122482,,,,,,,48.9985348,-103.8099643,Divide,Divide
"Freeport, TX",,,157945916,,10219000,1456778,3007959,2477,,53784274,59047632,844671,13800911,70188,2849900,924795,Brazoria County,28.9384127,-95.3482611,Brazoria,Brazoria
"Friday Harbor, WA",,,,,,,417942,,,,8426,,,,,,San Juan County,48.5364079,-123.0168624,San Juan,San Juan
"Frontier, WA",,,,,,,,,39945,,647589,20533,,10067,314635,,Stevens County,48.9997086,-117.8316724,Stevens,Stevens
"Ft. Lauderdale International Airport, FL",,,119227,,3339832,,,6228,2921495,,995411,18138,2499145,8899,163187,33724,Broward County,26.0742344,-80.1506022,Broward,Broward
"Galveston, TX",,,125966908,,,,,,135478466,262476667,428180,,8300,,19440,,Galveston County,29.3065514,-94.7970765,Galveston,Galveston
"Georgetown, SC",,,1120,,,,,126220,,,,,,,,,Georgetown County,33.3608856,-79.2926912,Georgetown,Georgetown
"Gloucester City, NJ",,,,,,,,,,,38074,12600,389115,1116482,1435520,223113,Camden County,39.8985678,-75.1265227,Camden,Camden
"Gramercy, LA",,31227406,,,,,54169047,27003,,2543453044,7404269555,439636089,,5297730,143021289,4186269,St James Parish,30.0476399,-90.6899483,St. James,St. James
"Grand Forks, ND",,,,,,,,,,,26236,6260,,,281758,46030,Grand Forks County,47.942861,-97.176582,Grand Forks,Grand Forks
"Grand Portage, MN",,,110263,,424957,,,269761,4001,246831,745288,1206049,6304,927387,455386,,Cook County,48.0000232,-89.5889274,Cook,Cook
"Grand Rapids, MI",,,5808,,,,,,,,,,,,465033,13601,Kent County,42.8847702,-85.5063677,Kent,Kent
"Great Falls, MT",,,8271,330823,,,,,,29420,537786,,431453,63519,305569,39112,Cascade County,47.48219,-111.269984,Cascade,Cascade
"Green Bay, WI",,,,,,,2971365,,,,16522,,,,,57185173,Brown County,44.475864,-88.055172,Brown,Brown
"Greenville-Spartansburg, SC",,,953,8581,,,,71338,,,,,,,,,Greenville County,34.872685,-82.2286356,Greenville,Greenville
"Gulfport, MS",,,253043016,441400,1049520,175654,1241423,648965,60480,417780,204147908,3095366,101810470,3571793,23329893,76664,Harrison County,30.368598,-89.093577,Harrison,Harrison
"Hannah, ND",,35494,,,,,,,,,,,,,,,Cavalier County,48.99931,-98.6945381,Cavalier,Cavalier
"Hansboro, ND",,,4598834,,,,,,3198,,138574,,,,,,Towner County,48.9981385,-99.3484211,Towner,Towner
"Harrisburg, PA",,,,,,,,,,,,,,,29358,,Dauphin County,40.2640805,-76.8794826,Dauphin,Dauphin
"Hartford, CT",,,2430,,,,,,,,,,3725,,,,Hartford County,41.7480081,-72.6430661,Hartford,Hartford
"Highgate Springs-Alburg, VT",18641872,28937003,43358185,31370357,5949570,26367926,261427404,18864044,1571586,,8429420,1398549,16894601,28645760,59456709,1472814,Franklin County,45.0128851,-73.0854626,Franklin,Franklin
"Hildago, TX",39296712,6257015,1826533792,712329,1096006,116854015,327608741,3431514,1275254,25753617,228697263,23036616,285008012,6529008,70238299,18196680,Hidalgo County,26.0968854,-98.2699052,Hidalgo,Hidalgo
"Hilo, HI",,,,,,,,,,,7867,,,,,27814,Hawaii County,19.7285403,-155.0540889,Hawaii,Hawaii
"Honolulu International Airport, HI",657020,2687,14249012,878279,13229004,338205,4074662,107993,442757,88067,15288618,1163282,19891352,482323,14520265,1297822,Honolulu County,21.3245132,-157.9250736,Honolulu,Honolulu
"Honolulu, HI",,9832228,16150673,2823224,43837903,16231445,32210943,47265034,,101436,6927447,696485,121335,577633,17991508,25134931,Honolulu County,21.3013326,-157.8651304,Honolulu,Honolulu
"Houlton, ME",3102349,854867,105336131,3874648,956622201,26873862,187739127,4118516,1935488,100659,69156346,7308511,109661336,8959265,25500587,8654841,Aroostook County,46.134631,-67.7825761,Aroostook,Aroostook
"Houston Intercontinental Airport, TX",3931729,19520,5497797,8133648,16442599,132743,11315019,464957,7571951,252960,5042995,4513506,1516766,924476,14734762,438703,Harris County,29.9902199,-95.3367827,Harris,Harris
"Houston, TX",,46942453,714970554,106965169,453519765,79911431,3630754293,1488276164,69358,1111487371,818956999,108902160,787982492,92094453,1032972224,509299654,Harris County,29.7700369,-95.2945694,Harris,Harris
"Huntsville, AL",,,105243,17968,,2092,9174025,2423,,,542785,4701887,15776,15697,2520283,48068,Madison County,34.6483274,-86.7748408,Madison,Madison
"Huron, OH",,,,,,,,,2753,10631,102228,87300,,74508,120473,58674,Madison County,34.6483274,-86.7748408,Madison,Madison
"Indianapolis, IN",,,12379,41014,6653,,358107,,13013666,,41796,565880,,,15924,20809,Marion County,39.7689961,-86.161358,Marion,Marion
"International Falls-Ranier, MN",,309530535,14827078,61117680,249800,102132378,498185293,503462,,7600875,71174647,208215663,206069,8994870,84083632,152465641,Koochiching County,48.6055421,-93.4029212,Koochiching,Koochiching
"JFK International Airport, NY",151580947,79304,143042929,128729083,241078009,1481965,172779274,21534334,67233307,148539,62534069,56313826,219173382,3301000,131711170,39157021,Queens County,40.6413111,-73.7781391,Queens,Queens
"Jackman, ME",,3317523,7938169,3519892,1476762,392989,16635798,53712,,,74203,137302,193852,11233,5391678,,Somerset County,45.8054303,-70.3958389,Somerset,Somerset
"Jacksonville, FL",,319497,240711099,6411573,241955799,5322626,97090605,9760509,49753,6264831,47282712,35611724,146796340,25466431,145441142,66447470,Duval County,30.356184,-81.625047,Duval,Duval
"Jonesport, ME",,,,,,,,,,,,22908,21540,238223,129582,,Washington County,44.5347969,-67.5930111,Washington,Washington
"Juneau, AK",,,,,147158,,,,,,12083,,544311,,,,Juneau,58.2986111,-134.4055556,Juneau,Juneau
"Kahului, HI",,,,,,,,,,,133249,,,,10250,,Maui County,20.894208,-156.4668209,Maui,Maui
"Kalama, WA",,,,,,,,,,1508344769,2038065660,23965828,,,,,Cowlitz County,46.0057055,-122.8460479,Cowlitz,Cowlitz
"Kansas City, MO",,,,86263,,3704,885570,3662652,4709,,,,,,15300,,Jackson County,39.1090016,-94.5860261,Jackson,Jackson
"Kenmore Air Harbor, WA",,,,,,,,,,,,,3282,,,34912,King County,47.628574,-122.33983,King,King
"Ketchikan, AK",,,,,61300,,,,,,,,2550262,,52571,,Ketchikan Gateway,55.3516833,-131.6838562,Ketchikan Gateway,Ketchikan Gateway
"Key West, FL",,,8133,,,,,,,,27974,,25377,12314,13130,357586,Monroe County,24.561146,-81.8012645,Monroe,Monroe
"Knoxville, TN",,,,,,,,,,,10040,,,,,,Knox County,35.957303,-83.842681,Knox,Knox
"Kona, HI",,,,,76012,,,,,,3506458,,,,3953703,,Hawaii County,19.6393742,-155.9969544,Hawaii,Hawaii
"Lake Charles, LA",,,,,,,,,,189232021,9136496,,17300,8415709,3774662,,Calcasieu Parish,30.2158233,-93.2497472,Calcasieu,Calcasieu
"Lancaster, MN",,,434415,,,,,16554,,,63068,,,,,,Kittson County,48.9981272,-96.8003477,Kittson,Kittson
"Laredo, TX",26485872,1958000,1316641019,157935714,364044458,515330880,1714109951,779619818,23270457,1083488902,948569107,604957512,2041421775,307930445,2339552204,297711783,Webb County,27.6798234,-99.455272,Webb,Webb
"Las Vegas, NV",16950,,1617000,99671,540261,2846,524340,9439652,,,1635166,19827,122299,10915,1775052,27342,Clark County,36.1617161,-115.1736045,Clark,Clark
"Laurier, WA",,,,,,,,,,,497883,,,,,,Ferry County,48.9993776,-118.2243776,Ferry,Ferry
"Limestone, ME",,267356,75126,,,,,,,345229,195526,,,,31372,,Aroostook County,46.924956,-67.790007,Aroostook,Aroostook
"Little Rock, AR",,,,,,,4548261,8386564,37772,,3781,7339,,,,,Pulaski County,34.7176717,-92.1746107,Pulaski,Pulaski
"Logan Airport, MA",469381,,8789190,8544055,64027416,21332,4090231,342361,8111385,,775484,2234822,82993401,12640,4800158,2660,Suffolk County,42.3656132,-71.0095602,Suffolk,Suffolk
"Long Beach, CA",,14179054,256640912,63233227,312279193,62155463,265531670,300924403,,112189730,3158322213,1684361511,1035948584,191907093,1365439886,139069150,Los Angeles County,33.754185,-118.216458,Los Angeles,Los Angeles
"Longview, WA",,,15811,6283,,,53203,,,828788525,1049935702,76759838,,,,6829,Cowlitz County,46.108014,-122.9519764,Cowlitz,Cowlitz
"Los Angeles International Airport, CA",38453751,,277355062,38684329,239181267,1108512,77390044,3500315,78260377,260709,463156788,9524490,53328523,3934071,249470728,32074676,Los Angeles County,33.9415889,-118.40853,Los Angeles,Los Angeles
"Los Angeles, CA",508000,190620849,1950012937,580336811,4177936642,466448063,2026630580,1454774519,85860,138166310,4167755954,1890000112,1829355217,134882532,1698089520,151457411,Los Angeles County,33.7395459,-118.2599686,Los Angeles,Los Angeles
"Louisville, KY",,,347666,852947,,8700,471616,123693237,,9197,257855,216967,,,598395,20252,Jefferson County,38.1646749,-85.900067,Jefferson,Jefferson
Low Value,,,,,,,,,4253882,5256109,709016557,59679959,45404077,67162084,273226301,54010061,Mumbai,19.0024811,72.8249607,,
"Lukeville, AZ",,,,,30603,,33136,,,,189796,,29328,,,20349,Pima County,31.8804244,-112.8169016,Pima,Pima
"Lynden, WA",,233920,18496477,2508363,,,14400,32481,386590,111637,40458992,328537,2519432,1739919,6756787,1028445,Whatcom County,49.0016738,-122.4858105,Whatcom,Whatcom
"Mackinac Island, MI",,,,,,,,,,,4360,,,,15222,,Mackinac County,45.8509907,-84.614452,Mackinac,Mackinac
"Madawaska, ME",,,11200,,,,,,,109950,57960,103118,,,291110,19765,Aroostook County,47.3572088,-68.328592,Aroostook,Aroostook
"Maida, ND",,167291,2017960,1027462,,,,,,,251292,20769,,,,,Cavalier County,48.9985126,-98.3658475,Cavalier,Cavalier
Mail Shipments,,,,,,,,,,3467,3236737,758057,,2515,89494,10909,,40.776568,-74.010492,Hudson,Hudson
"Marquette, MI",,,,,,,,,,,4808,,,49622,,,Marquette County,46.5815701,-87.3845351,Marquette,Marquette
"Massena, NY",303646,903414,8368858,12590650,,5651774,17573141,6122491,4971,41872,556030,4268693,677158,264940,4522986,253814,St Lawrence County,44.954776,-74.8242182,St. Lawrence,St. Lawrence
"Mayaguez, PR",2500,3540722,503835,6089817,23402,44683,3373335,157282,,3030,94229,87500,,156419,42289,23481,,18.2184683,-67.1596786,Mayagüez,
"Meadows Field Airport Bakersfield, CA",,,2874,,,,,,,,,,,,,,Kern County,35.4329123,-119.056618,Kern,Kern
"Melbourne Regional Airport, FL",,,,,56286,,,,,,,,,,,,Brevard County,28.1025235,-80.6453675,Brevard,Brevard
"Memphis, TN",3435,260286,2872945,1683478,5130888,119288,12096272,40453,22238474,,2991713,4554791,1979023,13235,5671755,24854,Shelby County,35.1079737,-90.0894328,Shelby,Shelby
"Metaline Falls, WA",,,,,,,24602,,,,354063,,,,,,Pend Oreille County,48.8508261,-117.3910568,Pend Oreille,Pend Oreille
"Miami International Airport, FL",88972678,99920814,1376114882,43916211,928974100,1757958,26150694,1161796,49727208,19839347,66315286,44735729,31057102,1679478,117581050,1876134,Miami-Dade County,25.795865,-80.2870457,Miami-Dade,Miami-Dade
"Miami, FL",,73382763,874840066,39617900,925110189,42117637,240192628,642710177,417325,11787789,699183532,53770374,258040476,85414077,453584671,178992679,Miami-Dade County,25.7745435,-80.1708802,Miami-Dade,Miami-Dade
"MidAmerican Airport, Mascoutah, IL",,,248671,,,,,,,,,,,,,,St Clair County,38.5491996,-89.8216405,St. Clair,St. Clair
"Milwaukee, WI",,,472803,1139123,,3516289,1226611,2381430,26854,2270588,899116,,,,,,Milwaukee County,43.002812,-87.8911419,Milwaukee,Milwaukee
"Minneapolis-St. Paul, MN",38016,91789,6391823,965418,2800254,4185983,18884670,10621383,612718,3444,464494,538758,215701,194717,2664092,43554,Hennepin County,44.8847554,-93.2222846,Hennepin,Hennepin
"Mobile, AL",,,4788060,212251,669840,391008,114013399,1258571,542241,13485452,248883541,1836556,438341126,2854171,76561922,36583,Mobile County,30.6867801,-88.0381593,Mobile,Mobile
"Monterey, CA",,,,,,,,,,,,,,,75677,38862,Monterey County,36.6116265,-121.8955095,Monterey,Monterey
"Morgan City, LA",,,18048,,,,,,,3140,753126,5953,412591,,17612,38680,St Mary Parish,29.69148,-91.1999456,St. Mary,St. Mary
"Morristown Airport, Newark, NJ",,,,,,,,,210910,,,2553,141344,26257,9071,421869,Morris County,40.7949743,-74.4232636,Morris,Morris
"Naco, AZ",,,,,,27532,,,,,,,59723,,,2851,Cochise County,31.3346151,-109.9482737,Cochise,Cochise
"Nashville, TN",,,,,,,,,,,5393,,16782,,2518,3863,Davidson County,36.2599031,-86.7428733,Davidson,Davidson
"Nawiliwili-Port Allen, HI",,,,,18495,,,,,,,,,,,,Kauai County,21.9546501,-159.3571378,Kauai,Kauai
"Neah Bay, WA",,,,,,,,,,,8373,,,,,,Clallam County,48.3664725,-124.6101308,Clallam,Clallam
"Neche, ND",,315384,7186284,,,,,,17291,147082,27016806,83724,73899,,11337,,Pembina County,48.9990883,-97.5579231,Pembina,Pembina
"New Bedford, MA",,,,,31130,87798,,,,,,,577706,,,,,41.635727,-70.921182,Bristol,Bristol
"New Haven, CT",,,,,,,,21838643,,,,,,,,,New Haven County,41.29187,-72.903237,New Haven,New Haven
"New Orleans, LA",15213,17802367,894073238,43608041,5239324,2316269,948164210,104530829,3938042,5043457094,7587481045,2010132388,358125339,47442643,1474171679,44317950,Orleans Parish,29.9371087,-90.0614877,Orleans,Orleans
"New York, NY",,7776566,372644528,44087548,464699350,69132384,410151514,306364608,252996,25126169,381220591,427950928,327115435,198463836,1256942005,125410070,Kings County,40.6839717,-74.0062426,Kings,Kings
"Newark, NJ",18776604,208498276,3358883897,494663548,3231114908,944810491,6320096855,5142455762,4443145,3317750,69999736,64072860,215023401,50604782,298356577,15432953,Essex County,40.6900098,-74.1517532,Essex,Essex
"Newport News, VA",,,,,,,,78982,,,,,388798,15735,19980,,,37.0778545,-76.4680455,Newport News,Newport News
"Newport, OR",,,,,,,,,,1120693,118445,18095205,150000,,33344,,Lincoln County,44.6212018,-124.0483934,Lincoln,Lincoln
"Newport, RI",,,,,,,,29241218,,,,244857,,,,,Newport County,41.4834477,-71.3155147,Newport,Newport
"Nogales, AZ",95164994,3888368,2628361210,18782579,284497751,41014774,125792219,206522762,7509592,35693980,406827163,208265401,92442836,22101972,61148070,14982698,Santa Cruz County,31.3360061,-110.965852,Santa Cruz,Santa Cruz
"Noonan, ND",,,,,,,,,,,4918963,,,63558,,,Divide County,48.997791,-103.005833,Divide,Divide
"Norfolk-Newport News, VA",3260,24712431,1754709717,131357996,705396074,75765190,513057400,919703433,30200,180955782,2163891867,700318090,715498548,102059365,618147321,159334875,,36.8459527,-76.2923695,Norfolk,Norfolk
"Northgate, ND",,11581359,7499601,,,,,,,29934,152853,114259,187282,439605,522822,298847,Burke County,48.9979534,-102.2758604,Burke,Burke
"Norton, VT",,3085583,10886842,4037999,,123511,12855441,12322,3772,8645,2646576,258559,21602,122808,1328119,25900,Essex County,45.0103297,-71.7941608,Essex,Essex
"Oakland, CA",1450560,111407453,1443195058,192966885,461195629,220995992,820331498,1541848530,484108,424167826,5415978285,406361650,2725219845,135609037,1569400414,866611968,Alameda County,37.7956123,-122.2791662,Alameda,Alameda
"Ogdensburg, NY",,2236120,2927452,8869703,90310,8388361,6457219,129465,85436,,6527925,3799186,816270,449240,6011673,224572,St Lawrence County,44.718694,-75.455416,St. Lawrence,St. Lawrence
"Oklahoma City, OK",,,,,,,,,358383,,,,,,,,McIntosh County,35.4404476,-95.5975022,McIntosh,McIntosh
"Olympia, WA",,,,,,,,,,,69000,,,,,,Thurston County,47.0494629,-122.9032002,Thurston,Thurston
"Omaha, NE",,,9444529,383,,,24883,328332,,,,,,,,,Douglas County,41.3065177,-95.9043342,Douglas,Douglas
"Ontario International Airport, CA",,,,,,,,,,,,,,,20579,4200,San Bernardino County,34.0559781,-117.598057,San Bernardino,San Bernardino
"Opheim, MT",,102527,147883,,,,,,46529,,413239,472397,,,,,,48.9985038,-106.3808685,Valley,Valley
"Orlando Executive Airport, FL",,,,,,,,,,,23226,,16293,,26850,,Orange County,28.5462378,-81.3320925,Orange,Orange
"Orlando, FL",478430,,8730654,3307235,6118322,84517,1277846,806824,,2684,9622895,163815,182144,188674,14264540,51353,Orange County,28.4323948,-81.4700872,Orange,Orange
"Orlando-Sanford Airport, FL",,560973,49353,471647,1522944,,144079,102516,,,2071536,,2777,,151921,,Orange County,28.4001296,-81.5346095,Orange,Orange
"Oroville, WA",50559294,115275,18850199,9733832,69061,4053268,3503683,46266,443875,2849325,13883631,522901,6557,733110,15349119,11136352,Okanogan County,48.9993278,-119.4627623,Okanogan,Okanogan
"Oswego, NY",,8741045,,,,,,,,,5811,7484,,4643,39171,,Oswego County,43.4638516,-76.5103199,Oswego,Oswego
"Otay Mesa, CA",314789,1107052,1008615241,3985215,87244544,43695610,109528840,213763563,466560,16665536,302992608,33805447,169737222,60324363,424737619,25632560,San Diego County,32.5505681,-116.9382197,San Diego,San Diego
"Owensboro-Evansville, IN",,,,,,,,20410204,,,,,,,,,Daviess County,37.7981,-87.149625,Daviess,Daviess
"Pal-Waukee User Fee Airport, Wheeling, IL",,,55120,,,,,,,,,,,,,,Cook County,42.1170686,-87.9011312,Cook,Cook
"Palm Springs Regional Airport, CA",,,,,,,,,105184,,50358,10581,,,23859,,Riverside County,33.8303194,-116.5070468,Riverside,Riverside
"Panama City, FL",,,21483203,36412,29278461,183122,12462049,42969,,,53509304,1720780,1313468,1341334,9177005,837093,Bay County,30.1838124,-85.7312747,Bay,Bay
"Pascagoula, MS",,,,,,,,,,,849734,,51509194,,,,Jackson County,30.3643107,-88.5568708,Jackson,Jackson
"Paulsboro, NJ",,,,,,,,19187536,,,,,,,,28377560,Camden County,39.8985678,-75.1265227,Camden,Camden
"Pembina, ND",249252261,361348693,320578295,202001973,170092647,136020630,1065204771,557403,6211705,84550600,195824367,186819629,95739661,76880783,224514708,83759124,Pembina County,48.9991793,-97.2392315,Pembina,Pembina
"Pensacola, FL",,,,,,,,,,,,,30691985,,,,Escambia County,30.40588,-87.210596,Escambia,Escambia
"Peoria, IL",,,16770,,,139339,,,,,,,,,,,Peoria County,40.7405322,-89.5534537,Peoria,Peoria
"Perth Amboy, NJ",,,589696,188994,,,8451,24557591,,,414925,20174,,,3642963,83743316,Middlesex County,40.519741,-74.2594457,Middlesex,Middlesex
"Philadelphia International Airport, PA",115391,,2866886,6986203,118222,15202,28145683,31681,68682,3230,2715222,3565920,8631968,365567,10224323,73505,,39.8743959,-75.2424229,Philadelphia,Philadelphia
"Philadelphia, PA",13886,116566509,1220779516,50304113,1479503535,48384319,1181603062,177737355,198658,94120,16912703,20381403,63635391,5587859,72303874,4840902,Philadelphia County,39.9804708,-75.0895785,Philadelphia,Philadelphia
"Phoenix, AZ",,,482154,494355,1790053,2083,113047,3295492,,,562554,,40555,105451,359524,2953,Maricopa County,33.4372686,-112.0077881,Maricopa,Maricopa
"Piegan, MT",,380433,4019,,,37435,,,7396,,228664,,,2923,,,Glacier County,48.9969423,-113.3804028,Glacier,Glacier
"Pittsburgh, PA",,,2117,,,28837,97673,,,,3935,,,,13797,,Allegheny County,40.4419066,-79.9977734,Allegheny,Allegheny
"Plymouth, MA",,,,,,,,,,,,,9413,,,,Plymouth County,41.9873125,-70.7123655,Plymouth,Plymouth
"Point Roberts, WA",,,7686,,,,,566192,,44848,47736,27172,5353,,6407,15318,Whatcom County,49.0013166,-123.0681702,Whatcom,Whatcom
"Ponce, PR",,,,,,,27142119,,,,,,,,281035,,Playa,17.9703422,-66.6151171,Ponce,Ponce
"Port Angeles, WA",,,,3139,,5472,,,,31231,2104912,296015,97408,1169023,1422377,100132,Clallam County,47.9768429,-123.5368769,Clallam,Clallam
"Port Arthur, TX",,,,,,,23409254,6500,,,,,,,,,Jefferson County,29.9683461,-94.0227578,Jefferson,Jefferson
"Port Canaveral, FL",,,310152,,,,9580628,89585190,,,188066,3900,8052,,64140603,,Brevard County,28.403873,-80.6125974,Brevard,Brevard
"Port Everglades, FL",,22889990,520802955,15025896,389123698,51824558,231163120,1113732718,928404,9424925,465470924,56692922,330803814,100571648,406573889,66944325,Broward County,26.091519,-80.1242692,Broward,Broward
"Port Hueneme, CA",,,321903364,,26151675,26050,514602,57216,,228446,25068951,80144,191843,55163,18285906,51969,Ventura County,34.1491718,-119.208719,Ventura,Ventura
"Port Huron, MI",65044981,75491531,225084208,79536840,27971317,310130288,442725712,71128821,22076551,121596779,1104641518,523961397,233224857,581141177,1355689618,554025203,St Clair County,42.9750892,-82.4257526,St. Clair,St. Clair
"Port Manatee, FL",,14854334,163341988,,,,24122703,,,,23100,5080,141120,102671,58613131,,Manatee County,27.6336443,-82.5614858,Manatee,Manatee
"Port Sulphur, LA",,,,,,,,,,,12000,24558,,,,,Plaquemines Parish,29.4791699,-89.6951431,Plaquemines,Plaquemines
"Port Townsend, WA",,,,,,,,,,,35157,5607,,,,,Jefferson County,48.1076496,-122.7797293,Jefferson,Jefferson
"Portal, ND",151046422,266569280,221069391,22740511,79283809,19893443,137744098,4425471,6263234,35744105,159534584,245530630,89660339,84676577,321834088,213968987,Burke County,48.9983648,-102.5533437,Burke,Burke
"Porthill, ID",,254567,1054722,,,,,5193354,8248,,36025,,,,182427,62583,Boundary County,48.9992551,-116.4989697,Boundary,Boundary
"Portland International Airport, WA",11500,,155488,256462,131919,,80922,116215,,18422,11355611,384490,1345354,7880,381792,29316,Multnomah County,45.5897694,-122.5950942,Multnomah,Multnomah
"Portland, ME",21000,,6386834,9035,,,8380011,5011772,,,7097644,448353,,145584,3054557,,Cumberland County,43.6575823,-70.2406036,Cumberland,Cumberland
"Portland, OR",,1641984,122315823,4064904,12297464,3466677,39655702,21932134,,1476437995,792328841,8861045,8429374,6334562,25656967,1881006,Multnomah County,45.5880928,-122.5890832,Multnomah,Multnomah
"Portsmouth, NH",,,,40653,,43994,902772,42890,,,82958,,44831,95640,38272082,,Rockingham County,43.0823107,-70.7621749,Rockingham,Rockingham
"Presidio, TX",93808149,137568,19227541,,4912,,,,27069624,2833761,9276154,230125,,7437,1545518,,Presidio County,29.5620736,-104.3906414,Presidio,Presidio
"Progreso, TX",,,122968011,7686,,3472,3752946,,,146859182,40266295,18211029,,11865861,3456591,,Hidalgo County,26.06331,-97.9494949,Hidalgo,Hidalgo
"Providence, RI",,,1302,2452677,,,,160722617,,,,386525,,,102061,24736565,Providence County,41.7888484,-71.3836032,Providence,Providence
"Racine, WI",,,51350,173999,,6417,20281,,3357,,,,,1452586,,,Racine County,42.730303,-87.776052,Racine,Racine
"Raymond, MT",14978891,2510438,8144438,5253487,80978,3354311,2014540,,200599,154428,42343180,3371516,304813,157285,2056125,332417,Sheridan County,48.9972501,-104.5753087,Sheridan,Sheridan
"Reno, NV",,,,,,,,,,,,,8846,,,,Washoe County,39.5097721,-119.7767981,Washoe,Washoe
"Richford, VT",,9160571,338837,3610334,,1056962,111159,,,27419,2747,740964,,,20496,,Franklin County,45.013758,-72.6627369,Franklin,Franklin
"Richmond, CA",,,,,,,270881487,3085235,,,,,,,31184713,,Contra Costa County,37.9236958,-122.3890025,Contra Costa,Contra Costa
"Richmond-Petersburg, VA",,,120847,451752,,,,,,,,,,,5260,,King William County,37.552658,-76.810639,King William,King William
"Rio Grande City, TX",,17266,100278339,,30578,506880,3053949,3433402,,1028401,71616,,,,146206,3168,Starr County,26.36729,-98.8014267,Starr,Starr
"Rochester, NY",,,,43398,,,,,,,,7695,,19204,90935,,Monroe County,43.255745,-77.607298,Monroe,Monroe
"Rockford Airport, IL",,,679,6774,,,,,22400,,18754,146868,16720,,618318,,Winnebago County,42.2019276,-89.0955966,Winnebago,Winnebago
"Rockland, ME",,,,,,,,,,,,,,12342,4961,,Knox County,44.100594,-69.1077192,Knox,Knox
"Roma, TX",,,607663,,,,251650,,,,741170,634984,,47618,83860,1497774,Starr County,26.4040796,-99.0168273,Starr,Starr
"Roosville, MT",,,85081,122679,,4125,240672,,,2759,1723251,26918,,,71128,,East Kootenay,49.0014927,-115.0550465,,
"Roseau, MN",,311249,967841,2323281,,4969330,,,,36051,,117743,,,5437,,Roseau County,48.9985956,-95.7675786,Roseau,Roseau
"Sabine, TX",,,,,,,,,,9390000,,,,,,,Jefferson County,29.7335518,-93.8943327,Jefferson,Jefferson
"Sacramento International Airport, CA",,,,5655,,,,,,,,,,,,,Sacramento County,38.6950854,-121.5900648,Sacramento,Sacramento
"Saginaw-Bay City, MI",,,,,,,,,,,93126,,40355,77499,34653,83353,,43.6428949,-83.8513011,Bay,Bay
"Salem, MA",,,2498,10756,,16062,,,,,,,,16627,294790,,Essex County,42.5237067,-70.8661593,Essex,Essex
"Salt Lake City, UT",,,105158,681,,13500,3139274,6012,1211906,,118130,40800,,,1223575,20821,Salt Lake County,40.7866257,-111.9843653,Salt Lake,Salt Lake
"San Antonio, TX",,,,,,,,,,,40321,72513,102839,9618,45130,,Bexar County,29.386134,-98.5716969,Bexar,Bexar
"San Bernardino International Airport, CA",,,,,,,,,,,5968,,,,,,San Bernardino County,34.1008469,-117.2466838,San Bernardino,San Bernardino
"San Diego, CA",,,202705526,206902,51587945,212800,2375445,226603,,177810,6134634,3541128,439297,48553,2400055,2114549,San Diego County,32.7353163,-117.1772172,San Diego,San Diego
"San Francisco International Airport, CA",1349030,9960,115608442,4826852,31575170,226269,23685798,4499727,4942858,110072,244088467,7944745,30142539,717659,33915081,35540232,San Mateo County,37.6213129,-122.3789554,San Mateo,San Mateo
"San Francisco, CA",,179110,29230946,4718190,3461802,7909897,57744792,15623841,,25045724,15703458,1060777,625445,90044,12436441,157812,San Francisco County,37.7968374,-122.3950767,San Francisco,San Francisco
"San Jose International Airport, CA",,,,,,,7240,275453,,,976281,56772,4869,,235107,,Santa Clara County,37.3639472,-121.9289375,Santa Clara,Santa Clara
"San Juan International Airport, PR",115000,,1965353,3000,147385,53590,263962,164014,150000,25692,44710,,,2123651,1359354,14145,,18.4375849,-66.0039818,Carolina,Carolina
"San Juan, PR",,81143777,150873194,20881556,212589570,69204664,247289895,205460553,26000,1006911,18259417,6628744,1742696,10206708,53311557,40901192,,18.463196,-66.113164,San Juan,San Juan
"San Luis, AZ",3810741,,197765530,4788,15676180,997706,5294551,,46400,2529,81495417,1740333,6261987,863128,4001274,239874,Yuma County,32.4854051,-114.7814599,Yuma,Yuma
"San Pablo Bay, CA",,567420,9121668,,,,498020,,,9508810,128823179,43109776,512287,156643,48074,,,38.043987,-122.4014193,Marin,Marin
"San Ysidro, CA",,,,,,,,,,1251482,1698122,1776135,,13051072,10619211,109794,San Diego County,32.5423592,-117.0360315,San Diego,San Diego
"Santa Teresa, NM",273939096,1049095,48765588,,,,124359316,,8767529,4000,8594554,,75118,1104398,16684464,5005,Doña Ana County,31.855864,-106.6391928,Doña Ana,
"Sarles, ND",,148733,3870,,,,,,,,11778,,,,4600,,Cavalier County,48.9994756,-98.9374125,Cavalier,Cavalier
"Sasabe, AZ",,,,,,,,,4500,,287008,,,,,,Pima County,31.4836948,-111.544565,Pima,Pima
"Sault Ste Marie, MI",32014,,2180457,116093,3324252,295208,13079752,503275,10913,339199,21396838,2696771,7054734,9723084,18112362,2729070,Chippewa County,46.4948726,-84.3680973,Chippewa,Chippewa
"Savannah, GA",2772386,42024758,444361297,83733718,605175522,83439347,1225696013,613161814,1349077,17423253,1976427650,211378742,1317014141,72848055,564551456,441838523,Chatham County,32.1284636,-81.1514697,Chatham,Chatham
"Scobey, MT",,,92400,,,,,,,180928,654989,37138,,53430,34494,16196,,48.9984565,-105.4088162,Daniels,Daniels
"Seattle, WA",,20911408,467437695,133646828,562192372,34013822,253723438,166558670,44386,563561274,2040366261,239859201,1079632573,69650439,1008467237,20200023,King County,47.6557261,-122.3800776,King,King
"Seattle-Tacoma International Airport, WA",318111,,17501115,4197399,3450304,14944,27681237,155108,551982,27680,119743185,2829655,72290481,2033724,8994107,534289,King County,47.4502499,-122.3088165,King,King
"Selby, CA",,,,,,,,144231432,,,,,,,,,Contra Costa County,38.0447763,-122.1885783,Contra Costa,Contra Costa
"Sherwood, ND",,663110,9327640,,,,,,,,5549,,,,,,Renville County,48.9979022,-101.6283712,Renville,Renville
"Shreveport-Bossier City, LA",,,,,,,,,4464335,,,,,,1720176,,Caddo Parish,32.4544615,-93.8231509,Caddo,Caddo
"Sioux Falls, SD",,,,,,,,,488749,,274287,5664,16337,,109816,,Minnehaha County,43.5873233,-96.7344838,Minnehaha,Minnehaha
"Sitka, AK",,,,,405249,,,,,,,,39561,,,,Sitka,57.0503139,-135.33329,Sitka,Sitka
"Skagway, AK",,,,,,,,,,28254,,242663,1164712,,,,Skagway,59.45026,-135.3237741,Skagway,Skagway
"Sodus Point, NY",,,,,,,,,,15332,,,,,,,Wayne County,43.2677646,-76.9796974,Wayne,Wayne
"Spokane, WA",,,,1510,,,2725,,,,,,,,,6569,Spokane County,47.7611298,-117.3908628,Spokane,Spokane
"St. Albans, VT",,,,,,,,,,,,4275,,,270941,,Franklin County,44.8094325,-73.0841592,Franklin,Franklin
"St. John, ND",,,2894169,,,,,,2566,8860,10526,62413,,,,,Rolette County,48.9987249,-99.6585596,Rolette,Rolette
"St. Louis, MO",,,,155692,,,,9493888,2552,,,,33517,,,,,38.6519524,-90.1837528,St. Louis,St. Louis
"St. Petersburg, FL",,,,,,,,,,,,,64320,,,,Pinellas County,27.7608611,-82.6298206,Pinellas,Pinellas
"St. Rose, LA",,,,,,,,,,,,,,,14651139,,Jefferson Parish,29.963588,-90.2480014,Jefferson,Jefferson
"Stockton, CA",,18442550,45667508,,,23517,5682885,5697,,177527000,,29211816,,,,,San Joaquin County,37.9510351,-121.3266136,San Joaquin,San Joaquin
"Sumas, WA",21249789,2954890,214409610,23200696,3982259,21170711,39726814,18692137,12129316,11748935,81674320,17789340,6442326,14974109,57268941,6798579,Whatcom County,49.0019067,-122.2660732,Whatcom,Whatcom
"Sweetgrass, MT",267153408,47836456,89028450,88404820,623951810,44636714,191852625,4831497,20245128,8170428,583735960,63201656,82528470,64281136,190785830,39133249,Toole County,48.9981794,-111.960285,Toole,Toole
"Syracuse, NY",,,,,,,,24679,43323,,,,,,,,Onondaga County,43.111632,-76.124113,Onondaga,Onondaga
"Tacoma, WA",,5701816,108272186,87671280,108065848,10790717,97775802,31846574,15744,635587630,2413805774,451310174,842289157,81573241,802203645,23803583,Pierce County,47.2654682,-122.4123139,Pierce,Pierce
"Tampa, FL",,1526223,3497603,1309695,9667080,399389,160539923,182131921,,636219,750132,38864956,484342,5054159,35731049,562869,Hillsborough County,27.8603907,-82.5321119,Hillsborough,Hillsborough
"Tecate, CA",,,1467858,,,390339,3957641,2046059,,3316,307635,603614,107850,1449549,4978151,,,32.576965,-116.6271579,San Diego,San Diego
"Texas City, TX",,,,,,,,,,,,3050,58664,72746,776475,579031383,Galveston County,29.3757839,-94.9032711,Galveston,Galveston
"Toledo-Sandusky, OH",,123458305,2872061,,,,11760,135374,,3324950,344254482,,,,70068,,Ottawa County,41.5123697,-82.8582058,Ottawa,Ottawa
"Tri-City Airport, Blountville, TN",,,,,,,,,,,,,,,46264,,Sullivan County,36.4742739,-82.4092526,Sullivan,Sullivan
"Trout River, NY",,483522,52586,6701111,,8336148,50635630,4413048,,796848,8882086,5908464,,,211868,8845785,Franklin County,44.9442,-74.323,Franklin,Franklin
"Tucson, AZ",,,3884,,,,,,,,,7500,,,,,Pima County,32.1263638,-110.8471792,Pima,Pima
"Tulsa, OK",,,,,,,,,22915,,,,,,,,Rogers County,36.230608,-95.7402324,Rogers,Rogers
"Turner, MT",,67794,,17648,,,,,15075,,,93035,,,16461,,,48.9993382,-108.3891553,,
"Utica, NY",,,,,,,,,,,12670,,7353,5357,132662,,Oneida County,43.1181098,-75.2283642,Oneida,Oneida
"Van Buren, ME",,626657,913832,305778,26673928,,,,,485242,403154,,,,33289,,Aroostook County,47.1577258,-67.9328565,Aroostook,Aroostook
"Vanceboro, ME",,,,851,,,,34543773,,,175945,884938,,,55832,,Washington County,45.5683587,-67.4294033,Washington,Washington
"Vancouver, WA",,,42030,164397,,20930,111260,,,740782446,43003142,2855535,239160,92375,5989637,31296,Clark County,45.6432944,-122.7038707,Clark,Clark
"Ventura, CA",,,,,,,,,,,,,78450,,,,Ventura County,34.2452717,-119.2633122,Ventura,Ventura
"Vicksburg, MS",,,,,,,,,3566,,,,,,,,Warren County,32.342515,-90.8797529,Warren,Warren
"Walhalla, ND",,2135487,36914729,,,,,,,30685,1135623,2609900,,,24157,,Pembina County,48.9987423,-97.9086167,Pembina,Pembina
"Warroad, MN",,25494,142986,3546,2782240,25670,28855,762288,3291,59163,359957,162757,,3531,,21107,Roseau County,48.9876645,-95.3702075,Roseau,Roseau
"Washington, DC",1528318,2644,10338419,16425240,8703038,241830,30605675,802979,3576967,75249,3838789,25018011,18141080,1413976,12781840,221993,,38.8764176,-77.0216918,District of Columbia,District of Columbia
"West Palm Beach, FL",,,19242379,280008,48494233,282798,52444902,7609636,359112,9405734,43914060,31835719,136330054,33341644,123113481,36903277,Palm Beach County,26.7670074,-80.0511523,Palm Beach,Palm Beach
"Westhope, ND",,223580,9534644,,,,,,2695,14323,149016,350437,,,,,Bottineau County,48.9980982,-101.0173143,Bottineau,Bottineau
"Whitetail, MT",,,,,,,,,,,,14637,,,100985,,Bristol County,41.753113,-71.065128,Bristol,Bristol
"Whitlash, MT",,122746,,,,,,,,,,3675,,,,,Liberty County,48.9956487,-111.2592565,Liberty,Liberty
"Wildhorse, MT",,57824,,,,,,,,,,,,,,,,48.9995152,-110.2159425,,
"Willow Run Airport, Ypsilanti, MI",,,,572,,,,,,,,,,,,,,42.2378031,-83.5242868,Wayne,Wayne
"Wilmington, DE",,17107923,750631803,98703,27821951,11128188,145159095,3055452,133336364,702442,5217655,5301398,18362105,14802485,38764459,3614342,New Castle County,39.7151912,-75.5298562,New Castle,New Castle
"Wilmington, NC",,207563941,14163664,14014104,224886,6855264,20857900,10201171,,2127396,189065481,58003447,122606070,679991,16705397,304029,New Hanover County,34.1962731,-77.9483305,New Hanover,New Hanover
"Winston-Salem, NC",,,,,,,,,,,100403,381022,,,,,Guilford County,36.1114503,-79.9529358,Guilford,Guilford
"Worcester, MA",,,,,542657,,,,,,,,,,,,Worcester County,42.253058,-71.80674,Worcester,Worcester
"Wrangell, AK",,,,,850192,,,,,,18212,,26274591,,,,Lake and Peninsula,57.0359019,-156.5579415,Lake and Peninsula,Lake and Peninsula
