port,in($)_1,in($)_2,in($)_3,in($)_4,in($)_5,in($)_6,in($)_7,in($)_8,out($)_1,out($)_2,out($)_3,out($)_4,out($)_5,out($)_6,out($)_7,out($)_8,county_geocoder,latitude,longitude,ll_county,county,STATEFP,COUNTYFP,COUNTYNS,AFFGEOID,GEOID,NAME,LSAD,ALAND,AWATER
"Aberdeen-Hoquiam, WA",,,,,774724,,,,,855835,495880116,61668446,18466,13455,307481,,Grays Harbor County,46.96783,-123.84597,Grays Harbor,Grays Harbor,53,027,01531823,0500000US53027,53027,Grays Harbor,06,4924343587,834767915
"Aguadilla, PR",,,737641,36104,115758,,196206,,,,,,,,21940,35417,,18.49540,-67.13558,Aguadilla,Aguadilla,72,005,01804482,0500000US72005,72005,Aguadilla,13,94613891,101131781
"Alameda, CA",,,,,66780,,,,4243,,42886,,,,,,Alameda County,37.79561,-122.27917,Alameda,Alameda,06,001,01675839,0500000US06001,06001,Alameda,06,1914242789,212979931
"Albany, NY",,,473,,,,1396324,,,28916517,,,,,117060,,Albany County,42.62630,-73.75803,Albany,Albany,36,001,00974099,0500000US36001,36001,Albany,06,1354083641,27161700
"Albuquerque, NM",,,11155,,,,,,,,,,,,,,Bernalillo County,35.08176,-106.73452,Bernalillo,Bernalillo,35,001,01702363,0500000US35001,35001,Bernalillo,06,-1287888508,16475147
"Alcan, AK",165738,,400476,38691,,,39411,,,46990,,,13045240,,66305,,Southeast Fairbanks,62.65843,-141.13121,Southeast Fairbanks,Southeast Fairbanks,02,240,01419983,0500000US02240,02240,Southeast Fairbanks,05,64147813224,752268780
"Alexandria Bay, NY",91880958,1936978,29194415,4272175,9277996,75668533,175473391,20823321,16473975,462122,143918539,17282739,41259514,58472957,165302935,56560625,Jefferson County,44.29705,-75.97593,Jefferson,Jefferson,36,045,00974121,0500000US36045,36045,Jefferson,06,-1009054452,1524622410
"Algonac, MI",,,,,,,,,,,35629,,100205,,,,St Clair County,42.61307,-82.54583,St. Clair,St. Clair,26,147,01625033,0500000US26147,26147,St. Clair,06,1867861159,298681155
"Allentown, PA",,,,,,,,,,,,95314,,,41683,,Lehigh County,40.61390,-75.45380,Lehigh,Lehigh,42,077,01209182,0500000US42077,42077,Lehigh,06,894010231,7898582
"Alpena, MI",,,,,,,,,,,,61284,,,,,Alpena County,45.05948,-83.43028,Alpena,Alpena,26,007,01622946,0500000US26007,26007,Alpena,06,1481125303,-1386252748
"Amarillo, TX",,,,,,,,,2605,,,,,,,,Potter County,35.19331,-101.91277,Potter,Potter,48,375,01383973,0500000US48375,48375,Potter,06,-1942215423,35190086
"Ambrose, ND",,,,,,,,,,18538,64242,48835,127946,,13432,,Divide County,48.99777,-103.48727,Divide,Divide,38,023,01034234,0500000US38023,38023,Divide,06,-1029652246,86629398
"Anchorage, AK",5120,,3957438,3467457,6572887,60024,11263952,161194,222312,13628,18869226,75294300,1873579562,1241421,21024010,2650857,Anchorage,61.24028,-149.88611,Anchorage,Anchorage,02,020,01416061,0500000US02020,02020,Anchorage,12,4420091935,663038187
"Annapolis, MD",,,,30051,,,120043,62438,,,,,,,,,Anne Arundel County,38.96360,-76.47875,Anne Arundel,Anne Arundel,24,003,01710958,0500000US24003,24003,Anne Arundel,06,1074553083,447833714
"Antler, ND",,2246755,2437226,,,,,,,,56296,24099,,,,,Bottineau County,48.99847,-101.29878,Bottineau,Bottineau,38,009,01034227,0500000US38009,38009,Bottineau,06,4321179405,74882085
"Astoria, OR",,,,,,,98871,,,29871,550647,,930499,243582,,,Clatsop County,46.18977,-123.85725,Clatsop,Clatsop,41,007,01135846,0500000US41007,41007,Clatsop,06,2145196270,661305228
"Atlanta, GA",4524717,,36744847,17498888,47224376,421635,19463036,2093410,53102196,193195,8563421,11000980,10886019,808221,53058649,1453062,Clayton County,33.63969,-84.39765,Clayton,Clayton,13,063,01672399,0500000US13063,13063,Clayton,06,366862137,7057627
"Atlantic City User Fee Airport, NJ",,,,,,,,,,,,,,,462827,,Atlantic County,39.45578,-74.57251,Atlantic,Atlantic,34,001,00882270,0500000US34001,34001,Atlantic,06,1438982575,301062742
"Austin, TX",,,6993,13498,,,19683,,,,11509,3396,40188,3015,9451,,Travis County,30.20215,-97.66683,Travis,Travis,48,453,01384012,0500000US48453,48453,Travis,06,-1726236299,80934469
"Avondale, LA",,,,,,,,,,,,,,,13265452,,St Charles Parish,29.97177,-90.28237,St. Charles,St. Charles,22,089,01629449,0500000US22089,22089,St. Charles,15,719296011,308712052
"Baltimore, MD",,35172248,741666705,28758630,254539833,46370531,823719541,427001055,,2571089,31307655,22435978,74427784,19786436,93873038,14141006,,39.28601,-76.60966,Baltimore,Baltimore,24,510,01702381,0500000US24510,24510,Baltimore,25,209643557,28767622
"Baltimore-Washington International Airport, MD",5390,,124675,103958,420049,7000,69495,,27730,,6687,,347301,,401273,,Anne Arundel County,39.17740,-76.66839,Anne Arundel,Anne Arundel,24,003,01710958,0500000US24003,24003,Anne Arundel,06,1074553083,447833714
"Bangor, ME",,,,,,,,,,,41799,,13701,85598,48183,30555,Penobscot County,44.80693,-68.82327,Penobscot,Penobscot,23,019,00581295,0500000US23019,23019,Penobscot,06,8798667306,414015520
"Baton Rouge, LA",,,12802,,,,10613190,27600,,265962672,72422066,466851196,,,2727710,,West Baton Rouge Parish,30.43464,-91.20150,West Baton Rouge,West Baton Rouge,22,121,00559570,0500000US22121,22121,West Baton Rouge,15,498293891,29602238
"Battle Creek, MI",,,,,,,,,,,67151,,86896,13878,120713,,Calhoun County,42.33939,-85.27687,Calhoun,Calhoun,26,025,01622955,0500000US26025,26025,Calhoun,06,1829249870,31275675
"Baudette, MN",,,,,,,,73838,,,211134,64033,13648194,125304,409060,220793,,48.71762,-94.59422,Lake of the Woods,Lake of the Woods,27,077,00659483,0500000US27077,27077,Lake of the Woods,06,-933504898,1234896316
"Beaufort-Morehead City, NC",,,965204,,,,,,,,,,,,34595,,Carteret County,34.71717,-76.66510,Carteret,Carteret,37,031,01026337,0500000US37031,37031,Carteret,06,1314749437,2131001181
"Beaumont, TX",,,,,,,,26585,,295176467,,,,,,,Jefferson County,30.07940,-94.09233,Jefferson,Jefferson,48,245,01383908,0500000US48245,48245,Jefferson,06,-2025335880,612122543
"Beecher Falls, VT",,,880477,,,,7174,,,,26774,,4274,,6741,,Essex County,45.01277,-71.50610,Essex,Essex,50,009,01461761,0500000US50009,50009,Essex,06,1718726095,28674612
"Belfast, ME",,,,,,,,,,13091,8629,,,,,,Waldo County,44.41877,-69.02352,Waldo,Waldo,23,027,00581299,0500000US23027,23027,Waldo,06,1890504131,318127014
"Bellingham, WA",,,8716,5072684,4930075,,,,,186849,3597999,3680012,53609517,523884,498400,731875,Whatcom County,48.75750,-122.49538,Whatcom,Whatcom,53,073,01529224,0500000US53073,53073,Whatcom,06,5459395531,1028184731
"Blaine, WA",609570,26060239,317327397,299163468,525253797,191269956,326945050,21928199,8851499,27082716,1012538734,65768276,657351635,207567661,470778904,252921569,Whatcom County,48.99447,-122.75900,Whatcom,Whatcom,53,073,01529224,0500000US53073,53073,Whatcom,06,5459395531,1028184731
"Boise, ID",,,,,,,,,,,,,,,24740,,Ada County,43.61169,-116.28790,Ada,Ada,16,001,00395066,0500000US16001,16001,Ada,06,-1568955093,20852173
"Boston, MA",,1749740,10283353,18832252,594292820,14417729,179856500,487797106,,113014,1638012,83795338,91244318,2297101,20948231,465541,Suffolk County,42.34365,-71.03302,Suffolk,Suffolk,25,025,00606939,0500000US25025,25025,Suffolk,06,150865086,160470296
"Boundary, WA",,,,,,,,,,2665,10104,3873,,,7595,,Stevens County,48.99875,-117.62895,Stevens,Stevens,53,065,01531930,0500000US53065,53065,Stevens,06,6416413110,163008888
"Bridgeport, CT",,,7855,,,,,,,,,,,,,,Fairfield County,41.17500,-73.18563,Fairfield,Fairfield,09,001,00212794,0500000US09001,09001,Fairfield,06,1618664453,549280549
"Bridgewater, ME",,200180,546731,,,,9301435,,,289649,1058748,,147826,103323,21273676,,Aroostook County,46.45021,-67.78617,Aroostook,Aroostook,23,003,00581287,0500000US23003,23003,Aroostook,06,17278038268,405253178
"Brownsville, TX",445013,,31549345,9539836,15678902,17526,189839423,151189,4451623,10825865,383664267,26627296,11045927,7517831,120169539,15590173,Cameron County,25.95087,-97.41095,Cameron,Cameron,48,061,01383816,0500000US48061,48061,Cameron,06,-1987076237,998035120
"Brunswick, GA",,23578448,1369235,,2325,,,32933,,2064741,13867270,274674979,538455,6528950,,,Glynn County,31.13181,-81.53685,Glynn,Glynn,13,127,01671513,0500000US13127,13127,Glynn,06,1087272602,428512266
"Buffalo-Niagara Falls, NY",76755248,91101613,726354465,253875804,423029349,886986120,974321777,127189948,19372657,9682290,1079155274,192998464,363916937,408963254,1212037235,277323424,Niagara County,43.13063,-79.04136,Niagara,Niagara,36,063,00974130,0500000US36063,36063,Niagara,06,1352887116,1598842827
"Burlington, VT",,,,,,,,,,,69485,,,,265450,4504,Chittenden County,44.47422,-73.22139,Chittenden,Chittenden,50,007,01461760,0500000US50007,50007,Chittenden,06,1389740226,214237435
"Butte, MT",,,,,,,,,,,,,,,25820,9539,Silver Bow County,46.00107,-112.67119,Silver Bow,Silver Bow,30,093,01719575,0500000US30093,30093,Silver Bow,06,1859564311,1522160
"Calais, ME",160446,,43721271,29341727,767749695,2073396,51201075,14699491,300672,54353,54362664,10114957,178729165,2855670,26971886,3684693,,45.16133,-67.29902,Washington,Washington,23,029,00581300,0500000US23029,23029,Washington,06,6637326623,1800003685
"Calexico, CA",,,,,,,,,,37809122,24541087,6399046,19510363,2441670,23060690,12261840,Imperial County,32.66519,-115.49608,Imperial,Imperial,06,025,00277277,0500000US06025,06025,Imperial,06,10817291640,790230304
"Calexico-East, CA",,6017302,357125253,3312540,168263916,191629679,169270621,63219540,12728,30270831,169937558,16590789,90860163,48029586,110861624,24890093,Imperial County,32.66557,-115.49929,Imperial,Imperial,06,025,00277277,0500000US06025,06025,Imperial,06,10817291640,790230304
"Camden, NJ",,,,,,,28838,,,,2147156,,,87711,396867,,Camden County,39.93767,-75.12922,Camden,Camden,34,007,00882273,0500000US34007,34007,Camden,06,573287175,15729813
"Cape Vincent, NY",,,,,,,,,,,125923,79782,,9934,7211,,Jefferson County,44.12896,-76.33818,Jefferson,Jefferson,36,045,00974121,0500000US36045,36045,Jefferson,06,-1009054452,1524622410
"Carbury, ND",,,1333539,,,,,,,,,5660,,104105,,,Bottineau County,48.99763,-100.55624,Bottineau,Bottineau,38,009,01034227,0500000US38009,38009,Bottineau,06,4321179405,74882085
"Champlain-Rouses Point, NY",7686511,15521927,216693518,65397739,403431250,88639720,350224058,40351235,31345107,2545175,455575114,41988453,161140739,55327974,388795387,37663129,Clinton County,45.00091,-73.36774,Clinton,Clinton,36,019,00974108,0500000US36019,36019,Clinton,06,-1607200296,206615475
"Charlotte Amalie, VI",,,532681,,329823,199266,796651,15473115,,,,,,,99577,703618,Water Island,18.33845,-64.93971,St. Thomas,St. Thomas,78,030,02378250,0500000US78030,78030,St. Thomas,10,81101601,717928166
"Charlotte, NC",4400,,1223471,3744521,1210229,11962,730624,3616,,,2188221,329706,2952,26283,1502869,23341,Mecklenburg County,35.27173,-80.90950,Mecklenburg,Mecklenburg,37,119,01008570,0500000US37119,37119,Mecklenburg,06,1356116196,56318899
"Chester, PA",,,140340540,6711249,3610151,17448380,251447580,21719868,38450090,1217140,979546,668915,39060,441552,35407887,640423,Delaware County,39.85241,-75.34195,Delaware,Delaware,42,045,01209177,0500000US42045,42045,Delaware,06,476226983,17433573
"Chicago, IL",19289876,4592292,77341215,102538208,60236291,50695614,204203502,55829406,167562221,3428933,16185870,87615771,46550406,5734312,135903290,7083446,Cook County,41.72874,-87.53346,Cook,Cook,17,031,01784766,0500000US17031,17031,Cook,06,-1847451039,1786450196
"Cincinnati-Lawrenceburg, OH",,3873,1007867,4030825,24611,94490,1035848,16462330,70581203,16400,394454,513957,,25927,2483538,652592,Hamilton County,39.09981,-84.51198,Hamilton,Hamilton,39,061,01074043,0500000US39061,39061,Hamilton,06,1051349243,17355289
"Cleveland, OH",4395,250418,19510713,18967949,127167,133888,11420059,1308112,2409908,24816,31824866,9644438,793893,959008,10221149,3935174,Cuyahoga County,41.50143,-81.70287,Cuyahoga,Cuyahoga,39,035,01074030,0500000US39035,39035,Cuyahoga,06,1184014460,2041889938
"Columbia, SC",,,650,,,,6500,451279,,,,,,,,,Lexington County,33.94443,-81.10952,Lexington,Lexington,45,063,01244251,0500000US45063,45063,Lexington,06,1810553175,151957605
"Columbus, NM",9676478,446102,36134242,,,97300,11330,,,,584660,93155,,,,,,31.78442,-107.62765,Luna,Luna,35,029,00933057,0500000US35029,35029,Luna,06,7679944726,433660
"Columbus, OH",,,156076,7698300,31248,93561,407010,19786,,,33434,8039,2759,,27493,,Franklin County,39.99994,-82.88718,Franklin,Franklin,39,049,01074037,0500000US39049,39049,Franklin,06,1378855894,29122804
"Coos Bay, OR",,,,,,,,,,,295136,,,,,46440,Coos County,43.36775,-124.21343,Coos,Coos,41,011,01135848,0500000US41011,41011,Coos,06,-161386850,544862331
"Coral Bay, VI",,,,,,,,,,,11461,4564,26946,4838,19530,9854,Cruz Bay,18.33206,-64.79456,St. John,St. John,78,020,02378249,0500000US78020,78020,St. John,10,50996518,186671948
"Corpus Christi, TX",,,,,,,,,,577278176,247936212,,,,,,Nueces County,27.80396,-97.39323,Nueces,Nueces,48,355,01383963,0500000US48355,48355,Nueces,06,-2123743578,847262030
"Crockett, CA",,,,,,,278454922,,,,,,,,,,Contra Costa County,38.05313,-122.22521,Contra Costa,Contra Costa,06,013,01675903,0500000US06013,06013,Contra Costa,06,1871930816,209819213
"Cruz Bay, VI",,,,,,,,,,,,,,2956,304251,3145669,Cruz Bay,18.33206,-64.79456,St. John,St. John,78,020,02378249,0500000US78020,78020,St. John,10,50996518,186671948
"Dallas Love Field, Dallas, TX",,,,,,,,,5200,,,,,,,,Dallas County,32.84810,-96.85121,Dallas,Dallas,48,113,01383842,0500000US48113,48113,Dallas,06,-2033735324,92085898
"Dallas-Fort Worth, TX",740791,11385,9817748,27676024,21872756,123412,14915563,370626,2140208,42939,6702613,21157236,3201279,306124,13397895,1033052,Dallas County,32.91068,-97.00948,Dallas,Dallas,48,113,01383842,0500000US48113,48113,Dallas,06,-2033735324,92085898
"Danville, WA",,,,,,,,,,,24105,,,,,,Ferry County,48.99994,-118.50353,Ferry,Ferry,53,019,01531821,0500000US53019,53019,Ferry,06,5706360691,140294376
"Dayton, OH",1852019,,,,,,,,1477300,,,,,,270833,,Montgomery County,39.75507,-84.18540,Montgomery,Montgomery,39,113,01074069,0500000US39113,39113,Montgomery,06,1195426527,7203231
"Del Rio, TX",36216787,,3247537,66964,,,367648,,137489,430903,7224099,3052951,225136,108802,99548,46986,Val Verde County,29.33403,-100.91801,Val Verde,Val Verde,48,465,01384018,0500000US48465,48465,Val Verde,06,8144863674,227711349
"Denver, CO",242699,,905134,286308,4099922,8169,3576436,201020,1911088,,2095431,688188,89031,9093,4105960,578015,Denver County,39.75779,-104.98611,Denver,Denver,08,031,00198131,0500000US08031,08031,Denver,06,397133930,4225831
"Derby Line, VT",965387,5220129,53356303,25297001,17985703,15125188,67704588,939101,307485,,3156055,1173078,1183619,591295,3833052,481567,Orleans County,45.00451,-72.08928,Orleans,Orleans,50,019,01461766,0500000US50019,50019,Orleans,06,1796376281,71442197
"Des Moines, IA",,,,,,,,,,,37416,,,,22438,,Polk County,41.53413,-93.65880,Polk,Polk,19,153,00465265,0500000US19153,19153,Polk,06,1485836340,46230836
"Detroit Metropolitan Airport, MI",4308133,272191,3557291,817316,495996,166970,1469872,59146,27976,34757,126867,34814,19723,19346,1588748,68675,Wayne County,42.21617,-83.35538,Wayne,Wayne,26,163,01623022,0500000US26163,26163,Wayne,06,1585112017,157118555
"Detroit, MI",86857278,147510020,789444354,129763579,557382783,993786508,1343874895,340648173,4498282,213627303,1909557149,361951685,1862832114,865898159,1449329356,327323454,Wayne County,42.32753,-83.04128,Wayne,Wayne,26,163,01623022,0500000US26163,26163,Wayne,06,1585112017,157118555
"Douglas, AZ",65547817,,48514989,,,,313633,17371,306000,17380,96377198,1595164,39159,51545,614373,346363,Cochise County,31.38442,-109.51690,Cochise,Cochise,04,003,00025442,0500000US04003,04003,Cochise,06,15966175635,137024922
"Duluth, MN - Superior, WI",,,,,675360,,,,,157585078,33012069,22894800,,,,,St Louis County,46.75729,-92.10177,St. Louis,St. Louis,27,137,00662850,0500000US27137,27137,St. Louis,06,16181092598,1584976829
"Dunseith, ND",106722012,13593193,54582610,2551936,,1417823,1767125,,431436,13852297,22832275,15931201,13954,961487,1054732,116141,Rolette County,48.99833,-100.05230,Rolette,Rolette,38,079,01034228,0500000US38079,38079,Rolette,06,-1956013508,93938154
"Durham, NC",,,173817,398135,617355,,2254301,116141,,,83768,40312,,,511152,,Wake County,35.87689,-78.79269,Wake,Wake,37,183,01008592,0500000US37183,37183,Wake,06,-2132817584,58100780
"Eagle Pass, TX",75591482,742407,32085348,15524330,,,186346806,1057730317,20141065,284871487,872095151,327032257,14309153,93042730,503943632,5639178,Maverick County,28.70560,-100.50611,Maverick,Maverick,48,323,01383944,0500000US48323,48323,Maverick,06,-981148075,31869807
"Eastport, ID",335264087,58691939,32748143,279563305,27895249,41536190,279213064,5413066,2682017,1567370,200880302,6099831,3386431,36811764,86948580,63771169,Boundary County,49.00013,-116.18151,Boundary,Boundary,16,021,00395159,0500000US16021,16021,Boundary,06,-1008977125,24160676
"Eastport, ME",,,,,3946795,,,,38311248,,13403,70968,40957565,10305,26660,,Washington County,44.90762,-66.98404,Washington,Washington,23,029,00581300,0500000US23029,23029,Washington,06,6637326623,1800003685
"El Paso, TX",,141470,233170661,12192730,3862776,14043677,180318067,260662132,6508465,880023361,439916575,221455369,284084218,63736885,745490958,26559995,El Paso County,31.67214,-106.33532,El Paso,El Paso,48,141,01383855,0500000US48141,48141,El Paso,06,-1670822809,5443531
"El Segundo, CA",,,,,,,51816,,,,,585000,155597,16007,1214464,,Los Angeles County,33.89656,-118.39257,Los Angeles,Los Angeles,06,037,00277283,0500000US06037,06037,Los Angeles,06,10510651024,1794730436
"Escanaba, MI",,,,,,,,8348,,,21242,,,32754,,,Delta County,45.74408,-87.04464,Delta,Delta,26,041,01622963,0500000US26041,26041,Delta,06,-1261848239,2124391646
"Everett, WA",,,128462,,,,,603944,,10913,,,453770,21729,81043,,Snohomish County,48.00072,-122.21730,Snohomish,Snohomish,53,061,01529222,0500000US53061,53061,Snohomish,06,5404201031,282769956
"Fabens, TX",,,,,,,,,,3380765,,,285001,,,,El Paso County,31.43526,-106.14223,El Paso,El Paso,48,141,01383855,0500000US48141,48141,El Paso,06,-1670822809,5443531
"Fall River, MA",,,28988,,176162,,,453323,,,,,,,14700,,Bristol County,41.70149,-71.15505,Bristol,Bristol,25,005,00606929,0500000US25005,25005,Bristol,06,1432482514,357547961
"Fargo, ND",,,,,,,,,3044335,,,57168,,,,,Cass County,46.91961,-96.81817,Cass,Cass,38,017,01034226,0500000US38017,38017,Cass,06,4571152345,7732475
"Fernandina, FL",,,,,385880,,,,,41179,3480524,544510,4287104,2530156,9219971,3330740,Nassau County,30.62771,-81.55607,Nassau,Nassau,12,089,00295730,0500000US12089,12089,Nassau,06,1679966560,200159166
"Ferry, WA",,,,,,,,,,,51610,,,29591,69999,,Island County,48.15949,-122.67251,Island,Island,53,029,01513272,0500000US53029,53029,Island,06,539622439,800242041
"Fort Fairfield, ME",,,130089,,,381813,10091814,,,96695,5695639,789879,135130,3629002,3165167,883926,Aroostook County,46.76575,-67.78994,Aroostook,Aroostook,23,003,00581287,0500000US23003,23003,Aroostook,06,17278038268,405253178
"Fort Kent, ME",,,28089,,,,,,395955,1249031,213027,,,,,,,47.24826,-68.60289,Aroostook,Aroostook,23,003,00581287,0500000US23003,23003,Aroostook,06,17278038268,405253178
"Fort Myers Airport, FL",2850,,,,,2209,2135,4849,,,,,290258,,3160781,13745,Lee County,26.53371,-81.75531,Lee,Lee,12,071,00295758,0500000US12071,12071,Lee,06,2030766730,1109263864
"Fort Pierce, FL",,,,,469948,,,,,141763,342611,517457,1867607,867592,2741384,241254,St Lucie County,27.45909,-80.32635,St. Lucie,St. Lucie,12,111,00308372,0500000US12111,12111,St. Lucie,06,1480637152,300863100
"Fort Worth Alliance Airport, TX",,,,,,,,,,,,7310,,,,,Tarrant County,32.98739,-97.31406,Tarrant,Tarrant,48,439,01384005,0500000US48439,48439,Tarrant,06,-2058123971,100091246
"Fortuna, ND",,,2036,,,,,,,134669,122482,,,,,,,48.99853,-103.80996,Divide,Divide,38,023,01034234,0500000US38023,38023,Divide,06,-1029652246,86629398
"Freeport, TX",,,157945916,,10219000,1456778,3007959,2477,,53784274,59047632,844671,13800911,70188,2849900,924795,Brazoria County,28.93841,-95.34826,Brazoria,Brazoria,48,039,01383805,0500000US48039,48039,Brazoria,06,-778250343,649539534
"Friday Harbor, WA",,,,,,,417942,,,,8426,,,,,,San Juan County,48.53641,-123.01686,San Juan,San Juan,53,055,01531931,0500000US53055,53055,San Juan,06,450428674,1157428261
"Frontier, WA",,,,,,,,,39945,,647589,20533,,10067,314635,,Stevens County,48.99971,-117.83167,Stevens,Stevens,53,065,01531930,0500000US53065,53065,Stevens,06,6416413110,163008888
"Ft. Lauderdale International Airport, FL",,,119227,,3339832,,,6228,2921495,,995411,18138,2499145,8899,163187,33724,Broward County,26.07423,-80.15060,Broward,Broward,12,011,00295753,0500000US12011,12011,Broward,06,-1168965328,300067051
"Galveston, TX",,,125966908,,,,,,135478466,262476667,428180,,8300,,19440,,Galveston County,29.30655,-94.79708,Galveston,Galveston,48,167,01383869,0500000US48167,48167,Galveston,06,981463489,1281660465
"Georgetown, SC",,,1120,,,,,126220,,,,,,,,,Georgetown County,33.36089,-79.29269,Georgetown,Georgetown,45,043,01248002,0500000US45043,45043,Georgetown,06,2107183538,572535186
"Gloucester City, NJ",,,,,,,,,,,38074,12600,389115,1116482,1435520,223113,Camden County,39.89857,-75.12652,Camden,Camden,34,007,00882273,0500000US34007,34007,Camden,06,573287175,15729813
"Gramercy, LA",,31227406,,,,,54169047,27003,,2543453044,7404269555,439636089,,5297730,143021289,4186269,St James Parish,30.04764,-90.68995,St. James,St. James,22,093,01629464,0500000US22093,22093,St. James,15,625582188,42168610
"Grand Forks, ND",,,,,,,,,,,26236,6260,,,281758,46030,Grand Forks County,47.94286,-97.17658,Grand Forks,Grand Forks,38,035,01034218,0500000US38035,38035,Grand Forks,06,-574770838,8098167
"Grand Portage, MN",,,110263,,424957,,,269761,4001,246831,745288,1206049,6304,927387,455386,,Cook County,48.00002,-89.58893,Cook,Cook,27,031,00659461,0500000US27031,27031,Cook,06,-533345900,4887941605
"Grand Rapids, MI",,,5808,,,,,,,,,,,,465033,13601,Kent County,42.88477,-85.50637,Kent,Kent,26,081,01622983,0500000US26081,26081,Kent,06,-2099514035,62871179
"Great Falls, MT",,,8271,330823,,,,,,29420,537786,,431453,63519,305569,39112,Cascade County,47.48219,-111.26998,Cascade,Cascade,30,013,01719622,0500000US30013,30013,Cascade,06,6988276640,34358092
"Green Bay, WI",,,,,,,2971365,,,,16522,,,,,57185173,Brown County,44.47586,-88.05517,Brown,Brown,55,009,01581064,0500000US55009,55009,Brown,06,1372031559,222703849
"Greenville-Spartansburg, SC",,,953,8581,,,,71338,,,,,,,,,Greenville County,34.87268,-82.22864,Greenville,Greenville,45,045,01245489,0500000US45045,45045,Greenville,06,2033561297,25132347
"Gulfport, MS",,,253043016,441400,1049520,175654,1241423,648965,60480,417780,204147908,3095366,101810470,3571793,23329893,76664,Harrison County,30.36860,-89.09358,Harrison,Harrison,28,047,00695747,0500000US28047,28047,Harrison,06,1486713864,1063618187
"Hannah, ND",,35494,,,,,,,,,,,,,,,Cavalier County,48.99931,-98.69454,Cavalier,Cavalier,38,019,01035304,0500000US38019,38019,Cavalier,06,-439121145,54931547
"Hansboro, ND",,,4598834,,,,,,3198,,138574,,,,,,Towner County,48.99814,-99.34842,Towner,Towner,38,095,01034213,0500000US38095,38095,Towner,06,-1641350348,43800577
"Harrisburg, PA",,,,,,,,,,,,,,,29358,,Dauphin County,40.26408,-76.87948,Dauphin,Dauphin,42,043,01213667,0500000US42043,42043,Dauphin,06,1359893288,85780784
"Hartford, CT",,,2430,,,,,,,,,,3725,,,,Hartford County,41.74801,-72.64307,Hartford,Hartford,09,003,00212338,0500000US09003,09003,Hartford,06,1903985507,40128067
"Highgate Springs-Alburg, VT",18641872,28937003,43358185,31370357,5949570,26367926,261427404,18864044,1571586,,8429420,1398549,16894601,28645760,59456709,1472814,Franklin County,45.01289,-73.08546,Franklin,Franklin,50,011,01461762,0500000US50011,50011,Franklin,06,1641633748,150930318
"Hildago, TX",39296712,6257015,1826533792,712329,1096006,116854015,327608741,3431514,1275254,25753617,228697263,23036616,285008012,6529008,70238299,18196680,Hidalgo County,26.09689,-98.26991,Hidalgo,Hidalgo,48,215,01383893,0500000US48215,48215,Hidalgo,06,-226356858,31102594
"Hilo, HI",,,,,,,,,,,7867,,,,,27814,Hawaii County,19.72854,-155.05409,Hawaii,Hawaii,15,001,00365280,0500000US15001,15001,Hawaii,06,10433637858,-1555497266
"Honolulu International Airport, HI",657020,2687,14249012,878279,13229004,338205,4074662,107993,442757,88067,15288618,1163282,19891352,482323,14520265,1297822,Honolulu County,21.32451,-157.92507,Honolulu,Honolulu,15,003,00365281,0500000US15003,15003,Honolulu,06,1555561841,-240039474
"Honolulu, HI",,9832228,16150673,2823224,43837903,16231445,32210943,47265034,,101436,6927447,696485,121335,577633,17991508,25134931,Honolulu County,21.30133,-157.86513,Honolulu,Honolulu,15,003,00365281,0500000US15003,15003,Honolulu,06,1555561841,-240039474
"Houlton, ME",3102349,854867,105336131,3874648,956622201,26873862,187739127,4118516,1935488,100659,69156346,7308511,109661336,8959265,25500587,8654841,Aroostook County,46.13463,-67.78258,Aroostook,Aroostook,23,003,00581287,0500000US23003,23003,Aroostook,06,17278038268,405253178
"Houston Intercontinental Airport, TX",3931729,19520,5497797,8133648,16442599,132743,11315019,464957,7571951,252960,5042995,4513506,1516766,924476,14734762,438703,Harris County,29.99022,-95.33678,Harris,Harris,48,201,01383886,0500000US48201,48201,Harris,06,4415561579,188066851
"Houston, TX",,46942453,714970554,106965169,453519765,79911431,3630754293,1488276164,69358,1111487371,818956999,108902160,787982492,92094453,1032972224,509299654,Harris County,29.77004,-95.29457,Harris,Harris,48,201,01383886,0500000US48201,48201,Harris,06,4415561579,188066851
"Huntsville, AL",,,105243,17968,,2092,9174025,2423,,,542785,4701887,15776,15697,2520283,48068,Madison County,34.64833,-86.77484,Madison,Madison,01,089,00161570,0500000US01089,01089,Madison,06,2076157081,28765532
"Huron, OH",,,,,,,,,2753,10631,102228,87300,,74508,120473,58674,Madison County,34.64833,-86.77484,Madison,Madison,01,089,00161570,0500000US01089,01089,Madison,06,2076157081,28765532
"Indianapolis, IN",,,12379,41014,6653,,358107,,13013666,,41796,565880,,,15924,20809,Marion County,39.76900,-86.16136,Marion,Marion,18,097,00450371,0500000US18097,18097,Marion,06,1026612130,17179347
"International Falls-Ranier, MN",,309530535,14827078,61117680,249800,102132378,498185293,503462,,7600875,71174647,208215663,206069,8994870,84083632,152465641,Koochiching County,48.60554,-93.40292,Koochiching,Koochiching,27,071,00659481,0500000US27071,27071,Koochiching,06,8039819285,129002453
"JFK International Airport, NY",151580947,79304,143042929,128729083,241078009,1481965,172779274,21534334,67233307,148539,62534069,56313826,219173382,3301000,131711170,39157021,Queens County,40.64131,-73.77814,Queens,Queens,36,081,00974139,0500000US36081,36081,Queens,06,281708062,179390933
"Jackman, ME",,3317523,7938169,3519892,1476762,392989,16635798,53712,,,74203,137302,193852,11233,5391678,,Somerset County,45.80543,-70.39584,Somerset,Somerset,23,025,00581298,0500000US23025,23025,Somerset,06,10164092046,437895944
"Jacksonville, FL",,319497,240711099,6411573,241955799,5322626,97090605,9760509,49753,6264831,47282712,35611724,146796340,25466431,145441142,66447470,Duval County,30.35618,-81.62505,Duval,Duval,12,031,00293656,0500000US12031,12031,Duval,06,1975214580,403585903
"Jonesport, ME",,,,,,,,,,,,22908,21540,238223,129582,,Washington County,44.53480,-67.59301,Washington,Washington,23,029,00581300,0500000US23029,23029,Washington,06,6637326623,1800003685
"Juneau, AK",,,,,147158,,,,,,12083,,544311,,,,Juneau,58.29861,-134.40556,Juneau,Juneau,02,110,01419971,0500000US02110,02110,Juneau,03,6998163331,1429463661
"Kahului, HI",,,,,,,,,,,133249,,,,10250,,Maui County,20.89421,-156.46682,Maui,Maui,15,009,00365283,0500000US15009,15009,Maui,06,-1286616079,-1091675445
"Kalama, WA",,,,,,,,,,1508344769,2038065660,23965828,,,,,Cowlitz County,46.00571,-122.84605,Cowlitz,Cowlitz,53,015,01529156,0500000US53015,53015,Cowlitz,06,-1341249390,67323174
"Kansas City, MO",,,,86263,,3704,885570,3662652,4709,,,,,,15300,,Jackson County,39.10900,-94.58603,Jackson,Jackson,29,095,00758502,0500000US29095,29095,Jackson,06,1565835130,30484057
"Kenmore Air Harbor, WA",,,,,,,,,,,,,3282,,,34912,King County,47.62857,-122.33983,King,King,53,033,01531933,0500000US53033,53033,King,06,5479358152,496938646
"Ketchikan, AK",,,,,61300,,,,,,,,2550262,,52571,,Ketchikan Gateway,55.35168,-131.68386,Ketchikan Gateway,Ketchikan Gateway,02,130,01419973,0500000US02130,02130,Ketchikan Gateway,04,12583212278,4649427959
"Key West, FL",,,8133,,,,,,,,27974,,25377,12314,13130,357586,Monroe County,24.56115,-81.80126,Monroe,Monroe,12,087,00295759,0500000US12087,12087,Monroe,06,-1748970119,7133387352
"Knoxville, TN",,,,,,,,,,,10040,,,,,,Knox County,35.95730,-83.84268,Knox,Knox,47,093,01639761,0500000US47093,47093,Knox,06,1316269093,45712672
"Kona, HI",,,,,76012,,,,,,3506458,,,,3953703,,Hawaii County,19.63937,-155.99695,Hawaii,Hawaii,15,001,00365280,0500000US15001,15001,Hawaii,06,10433637858,-1555497266
"Lake Charles, LA",,,,,,,,,,189232021,9136496,,17300,8415709,3774662,,Calcasieu Parish,30.21582,-93.24975,Calcasieu,Calcasieu,22,019,00558468,0500000US22019,22019,Calcasieu,15,-1538429096,77608623
"Lancaster, MN",,,434415,,,,,16554,,,63068,,,,,,Kittson County,48.99813,-96.80035,Kittson,Kittson,27,069,00659480,0500000US27069,27069,Kittson,06,-1449072449,12411746
"Laredo, TX",26485872,1958000,1316641019,157935714,364044458,515330880,1714109951,779619818,23270457,1083488902,948569107,604957512,2041421775,307930445,2339552204,297711783,Webb County,27.67982,-99.45527,Webb,Webb,48,479,01384025,0500000US48479,48479,Webb,06,8706186702,36555096
"Las Vegas, NV",16950,,1617000,99671,540261,2846,524340,9439652,,,1635166,19827,122299,10915,1775052,27342,Clark County,36.16172,-115.17360,Clark,Clark,32,003,00863600,0500000US32003,32003,Clark,06,20439281442,438376844
"Laurier, WA",,,,,,,,,,,497883,,,,,,Ferry County,48.99938,-118.22438,Ferry,Ferry,53,019,01531821,0500000US53019,53019,Ferry,06,5706360691,140294376
"Limestone, ME",,267356,75126,,,,,,,345229,195526,,,,31372,,Aroostook County,46.92496,-67.79001,Aroostook,Aroostook,23,003,00581287,0500000US23003,23003,Aroostook,06,17278038268,405253178
"Little Rock, AR",,,,,,,4548261,8386564,37772,,3781,7339,,,,,Pulaski County,34.71767,-92.17461,Pulaski,Pulaski,05,119,00069177,0500000US05119,05119,Pulaski,06,1964693964,127125478
"Logan Airport, MA",469381,,8789190,8544055,64027416,21332,4090231,342361,8111385,,775484,2234822,82993401,12640,4800158,2660,Suffolk County,42.36561,-71.00956,Suffolk,Suffolk,25,025,00606939,0500000US25025,25025,Suffolk,06,150865086,160470296
"Long Beach, CA",,14179054,256640912,63233227,312279193,62155463,265531670,300924403,,112189730,3158322213,1684361511,1035948584,191907093,1365439886,139069150,Los Angeles County,33.75418,-118.21646,Los Angeles,Los Angeles,06,037,00277283,0500000US06037,06037,Los Angeles,06,10510651024,1794730436
"Longview, WA",,,15811,6283,,,53203,,,828788525,1049935702,76759838,,,,6829,Cowlitz County,46.10801,-122.95198,Cowlitz,Cowlitz,53,015,01529156,0500000US53015,53015,Cowlitz,06,-1341249390,67323174
"Los Angeles International Airport, CA",38453751,,277355062,38684329,239181267,1108512,77390044,3500315,78260377,260709,463156788,9524490,53328523,3934071,249470728,32074676,Los Angeles County,33.94159,-118.40853,Los Angeles,Los Angeles,06,037,00277283,0500000US06037,06037,Los Angeles,06,10510651024,1794730436
"Los Angeles, CA",508000,190620849,1950012937,580336811,4177936642,466448063,2026630580,1454774519,85860,138166310,4167755954,1890000112,1829355217,134882532,1698089520,151457411,Los Angeles County,33.73955,-118.25997,Los Angeles,Los Angeles,06,037,00277283,0500000US06037,06037,Los Angeles,06,10510651024,1794730436
"Louisville, KY",,,347666,852947,,8700,471616,123693237,,9197,257855,216967,,,598395,20252,Jefferson County,38.16467,-85.90007,Jefferson,Jefferson,21,111,00516902,0500000US21111,21111,Jefferson,06,985427632,44565599
"Lukeville, AZ",,,,,30603,,33136,,,,189796,,29328,,,20349,Pima County,31.88042,-112.81690,Pima,Pima,04,019,00025446,0500000US04019,04019,Pima,06,23794775138,5273054
"Lynden, WA",,233920,18496477,2508363,,,14400,32481,386590,111637,40458992,328537,2519432,1739919,6756787,1028445,Whatcom County,49.00167,-122.48581,Whatcom,Whatcom,53,073,01529224,0500000US53073,53073,Whatcom,06,5459395531,1028184731
"Mackinac Island, MI",,,,,,,,,,,4360,,,,15222,,Mackinac County,45.85099,-84.61445,Mackinac,Mackinac,26,097,01622991,0500000US26097,26097,Mackinac,06,-1648155368,-1501169467
"Madawaska, ME",,,11200,,,,,,,109950,57960,103118,,,291110,19765,Aroostook County,47.35721,-68.32859,Aroostook,Aroostook,23,003,00581287,0500000US23003,23003,Aroostook,06,17278038268,405253178
"Maida, ND",,167291,2017960,1027462,,,,,,,251292,20769,,,,,Cavalier County,48.99851,-98.36585,Cavalier,Cavalier,38,019,01035304,0500000US38019,38019,Cavalier,06,-439121145,54931547
Mail Shipments,,,,,,,,,,3467,3236737,758057,,2515,89494,10909,,40.77657,-74.01049,Hudson,Hudson,34,017,00882278,0500000US34017,34017,Hudson,06,119786739,41812801
"Marquette, MI",,,,,,,,,,,4808,,,49622,,,Marquette County,46.58157,-87.38454,Marquette,Marquette,26,103,01622994,0500000US26103,26103,Marquette,06,4683963838,-109608477
"Massena, NY",303646,903414,8368858,12590650,,5651774,17573141,6122491,4971,41872,556030,4268693,677158,264940,4522986,253814,St Lawrence County,44.95478,-74.82422,St. Lawrence,St. Lawrence,36,089,00977309,0500000US36089,36089,St. Lawrence,06,6939259168,367916370
"Mayaguez, PR",2500,3540722,503835,6089817,23402,44683,3373335,157282,,3030,94229,87500,,156419,42289,23481,,18.21847,-67.15968,Mayagüez,,72,097,01804529,0500000US72097,72097,Mayagüez,13,201174437,508705758
"Meadows Field Airport Bakersfield, CA",,,2874,,,,,,,,,,,,,,Kern County,35.43291,-119.05662,Kern,Kern,06,029,02054176,0500000US06029,06029,Kern,06,21061589620,79574760
"Melbourne Regional Airport, FL",,,,,56286,,,,,,,,,,,,Brevard County,28.10252,-80.64537,Brevard,Brevard,12,009,00295749,0500000US12009,12009,Brevard,06,-1665113968,1402820790
"Memphis, TN",3435,260286,2872945,1683478,5130888,119288,12096272,40453,22238474,,2991713,4554791,1979023,13235,5671755,24854,Shelby County,35.10797,-90.08943,Shelby,Shelby,47,157,01639790,0500000US47157,47157,Shelby,06,1977687718,55517852
"Metaline Falls, WA",,,,,,,24602,,,,354063,,,,,,Pend Oreille County,48.85083,-117.39106,Pend Oreille,Pend Oreille,53,051,01529157,0500000US53051,53051,Pend Oreille,06,-668337194,65388389
"Miami International Airport, FL",88972678,99920814,1376114882,43916211,928974100,1757958,26150694,1161796,49727208,19839347,66315286,44735729,31057102,1679478,117581050,1876134,Miami-Dade County,25.79586,-80.28705,Miami-Dade,Miami-Dade,12,086,00295755,0500000US12086,12086,Miami-Dade,06,4917514829,1379208315
"Miami, FL",,73382763,874840066,39617900,925110189,42117637,240192628,642710177,417325,11787789,699183532,53770374,258040476,85414077,453584671,178992679,Miami-Dade County,25.77454,-80.17088,Miami-Dade,Miami-Dade,12,086,00295755,0500000US12086,12086,Miami-Dade,06,4917514829,1379208315
"MidAmerican Airport, Mascoutah, IL",,,248671,,,,,,,,,,,,,,St Clair County,38.54920,-89.82164,St. Clair,St. Clair,17,163,01784987,0500000US17163,17163,St. Clair,06,1703639689,42092622
"Milwaukee, WI",,,472803,1139123,,3516289,1226611,2381430,26854,2270588,899116,,,,,,Milwaukee County,43.00281,-87.89114,Milwaukee,Milwaukee,55,079,01581100,0500000US55079,55079,Milwaukee,06,625803949,-1839892825
"Minneapolis-St. Paul, MN",38016,91789,6391823,965418,2800254,4185983,18884670,10621383,612718,3444,464494,538758,215701,194717,2664092,43554,Hennepin County,44.88476,-93.22228,Hennepin,Hennepin,27,053,00659472,0500000US27053,27053,Hennepin,06,1433923040,137089920
"Mobile, AL",,,4788060,212251,669840,391008,114013399,1258571,542241,13485452,248883541,1836556,438341126,2854171,76561922,36583,Mobile County,30.68678,-88.03816,Mobile,Mobile,01,097,00161575,0500000US01097,01097,Mobile,06,-1110835961,1073840930
"Morgan City, LA",,,18048,,,,,,,3140,753126,5953,412591,,17612,38680,St Mary Parish,29.69148,-91.19995,St. Mary,St. Mary,22,101,01629492,0500000US22101,22101,St. Mary,15,1438845622,1460445312
"Morristown Airport, Newark, NJ",,,,,,,,,210910,,,2553,141344,26257,9071,421869,Morris County,40.79497,-74.42326,Morris,Morris,34,027,00882231,0500000US34027,34027,Morris,06,1192817713,54393389
"Naco, AZ",,,,,,27532,,,,,,,59723,,,2851,Cochise County,31.33462,-109.94827,Cochise,Cochise,04,003,00025442,0500000US04003,04003,Cochise,06,15966175635,137024922
"Nashville, TN",,,,,,,,,,,5393,,16782,,2518,3863,Davidson County,36.25990,-86.74287,Davidson,Davidson,47,037,01639737,0500000US47037,47037,Davidson,06,1304953365,56649279
"Nawiliwili-Port Allen, HI",,,,,18495,,,,,,,,,,,,Kauai County,21.95465,-159.35714,Kauai,Kauai,15,007,00365282,0500000US15007,15007,Kauai,06,1605492336,1674244223
"Neah Bay, WA",,,,,,,,,,,8373,,,,,,Clallam County,48.36647,-124.61013,Clallam,Clallam,53,009,01531341,0500000US53009,53009,Clallam,06,4503153139,-1881089760
"Neche, ND",,315384,7186284,,,,,,17291,147082,27016806,83724,73899,,11337,,Pembina County,48.99909,-97.55792,Pembina,Pembina,38,067,01034212,0500000US38067,38067,Pembina,06,-1397563067,7014875
"New Bedford, MA",,,,,31130,87798,,,,,,,577706,,,,,41.63573,-70.92118,Bristol,Bristol,25,005,00606929,0500000US25005,25005,Bristol,06,1432482514,357547961
"New Haven, CT",,,,,,,,21838643,,,,,,,,,New Haven County,41.29187,-72.90324,New Haven,New Haven,09,009,00212798,0500000US09009,09009,New Haven,06,1565652258,667093746
"New Orleans, LA",15213,17802367,894073238,43608041,5239324,2316269,948164210,104530829,3938042,5043457094,7587481045,2010132388,358125339,47442643,1474171679,44317950,Orleans Parish,29.93711,-90.06149,Orleans,Orleans,22,071,00558113,0500000US22071,22071,Orleans,15,438799508,467299606
"New York, NY",,7776566,372644528,44087548,464699350,69132384,410151514,306364608,252996,25126169,381220591,427950928,327115435,198463836,1256942005,125410070,Kings County,40.68397,-74.00624,Kings,Kings,36,047,00974122,0500000US36047,36047,Kings,06,180813964,69955385
"Newark, NJ",18776604,208498276,3358883897,494663548,3231114908,944810491,6320096855,5142455762,4443145,3317750,69999736,64072860,215023401,50604782,298356577,15432953,Essex County,40.69001,-74.15175,Essex,Essex,34,013,00882276,0500000US34013,34013,Essex,06,326643513,8478686
"Newport News, VA",,,,,,,,78982,,,,,388798,15735,19980,,,37.07785,-76.46805,Newport News,Newport News,51,700,01498555,0500000US51700,51700,Newport News,25,178921044,130901482
"Newport, OR",,,,,,,,,,1120693,118445,18095205,150000,,33344,,Lincoln County,44.62120,-124.04839,Lincoln,Lincoln,41,041,01135856,0500000US41041,41041,Lincoln,06,-1755750171,554661512
"Newport, RI",,,,,,,,29241218,,,,244857,,,,,Newport County,41.48345,-71.31551,Newport,Newport,44,005,01219779,0500000US44005,44005,Newport,06,265313258,546982296
"Nogales, AZ",95164994,3888368,2628361210,18782579,284497751,41014774,125792219,206522762,7509592,35693980,406827163,208265401,92442836,22101972,61148070,14982698,Santa Cruz County,31.33601,-110.96585,Santa Cruz,Santa Cruz,04,023,00040472,0500000US04023,04023,Santa Cruz,06,-1091354047,3088046
"Noonan, ND",,,,,,,,,,,4918963,,,63558,,,Divide County,48.99779,-103.00583,Divide,Divide,38,023,01034234,0500000US38023,38023,Divide,06,-1029652246,86629398
"Norfolk-Newport News, VA",3260,24712431,1754709717,131357996,705396074,75765190,513057400,919703433,30200,180955782,2163891867,700318090,715498548,102059365,618147321,159334875,,36.84595,-76.29237,Norfolk,Norfolk,51,710,01498557,0500000US51710,51710,Norfolk,25,137985835,111697132
"Northgate, ND",,11581359,7499601,,,,,,,29934,152853,114259,187282,439605,522822,298847,Burke County,48.99795,-102.27586,Burke,Burke,38,013,01034235,0500000US38013,38013,Burke,06,-1436701374,65700835
"Norton, VT",,3085583,10886842,4037999,,123511,12855441,12322,3772,8645,2646576,258559,21602,122808,1328119,25900,Essex County,45.01033,-71.79416,Essex,Essex,50,009,01461761,0500000US50009,50009,Essex,06,1718726095,28674612
"Oakland, CA",1450560,111407453,1443195058,192966885,461195629,220995992,820331498,1541848530,484108,424167826,5415978285,406361650,2725219845,135609037,1569400414,866611968,Alameda County,37.79561,-122.27917,Alameda,Alameda,06,001,01675839,0500000US06001,06001,Alameda,06,1914242789,212979931
"Ogdensburg, NY",,2236120,2927452,8869703,90310,8388361,6457219,129465,85436,,6527925,3799186,816270,449240,6011673,224572,St Lawrence County,44.71869,-75.45542,St. Lawrence,St. Lawrence,36,089,00977309,0500000US36089,36089,St. Lawrence,06,6939259168,367916370
"Oklahoma City, OK",,,,,,,,,358383,,,,,,,,McIntosh County,35.44045,-95.59750,McIntosh,McIntosh,40,091,01101836,0500000US40091,40091,McIntosh,06,1601897950,242913899
"Olympia, WA",,,,,,,,,,,69000,,,,,,Thurston County,47.04946,-122.90320,Thurston,Thurston,53,067,01529226,0500000US53067,53067,Thurston,06,1871151578,133733459
"Omaha, NE",,,9444529,383,,,24883,328332,,,,,,,,,Douglas County,41.30652,-95.90433,Douglas,Douglas,31,055,00835849,0500000US31055,31055,Douglas,06,850767845,28136519
"Ontario International Airport, CA",,,,,,,,,,,,,,,20579,4200,San Bernardino County,34.05598,-117.59806,San Bernardino,San Bernardino,06,071,00277300,0500000US06071,06071,San Bernardino,06,51948120575,123845026
"Opheim, MT",,102527,147883,,,,,,46529,,413239,472397,,,,,,48.99850,-106.38087,Valley,Valley,30,105,01678923,0500000US30105,30105,Valley,06,12758543078,351470583
"Orlando Executive Airport, FL",,,,,,,,,,,23226,,16293,,26850,,Orange County,28.54624,-81.33209,Orange,Orange,12,095,00295750,0500000US12095,12095,Orange,06,-1955392699,258804996
"Orlando, FL",478430,,8730654,3307235,6118322,84517,1277846,806824,,2684,9622895,163815,182144,188674,14264540,51353,Orange County,28.43239,-81.47009,Orange,Orange,12,095,00295750,0500000US12095,12095,Orange,06,-1955392699,258804996
"Orlando-Sanford Airport, FL",,560973,49353,471647,1522944,,144079,102516,,,2071536,,2777,,151921,,Orange County,28.40013,-81.53461,Orange,Orange,12,095,00295750,0500000US12095,12095,Orange,06,-1955392699,258804996
"Oroville, WA",50559294,115275,18850199,9733832,69061,4053268,3503683,46266,443875,2849325,13883631,522901,6557,733110,15349119,11136352,Okanogan County,48.99933,-119.46276,Okanogan,Okanogan,53,047,01531928,0500000US53047,53047,Okanogan,06,13639258855,120536293
"Oswego, NY",,8741045,,,,,,,,,5811,7484,,4643,39171,,Oswego County,43.46385,-76.51032,Oswego,Oswego,36,075,00974136,0500000US36075,36075,Oswego,06,-1830221216,933480216
"Otay Mesa, CA",314789,1107052,1008615241,3985215,87244544,43695610,109528840,213763563,466560,16665536,302992608,33805447,169737222,60324363,424737619,25632560,San Diego County,32.55057,-116.93822,San Diego,San Diego,06,073,00277301,0500000US06073,06073,San Diego,06,10895149811,826195031
"Owensboro-Evansville, IN",,,,,,,,20410204,,,,,,,,,Daviess County,37.79810,-87.14963,Daviess,Daviess,21,059,00516876,0500000US21059,21059,Daviess,06,1187163562,47158144
"Pal-Waukee User Fee Airport, Wheeling, IL",,,55120,,,,,,,,,,,,,,Cook County,42.11707,-87.90113,Cook,Cook,17,031,01784766,0500000US17031,17031,Cook,06,-1847451039,1786450196
"Palm Springs Regional Airport, CA",,,,,,,,,105184,,50358,10581,,,23859,,Riverside County,33.83032,-116.50705,Riverside,Riverside,06,065,00277297,0500000US06065,06065,Riverside,06,18664206749,250926952
"Panama City, FL",,,21483203,36412,29278461,183122,12462049,42969,,,53509304,1720780,1313468,1341334,9177005,837093,Bay County,30.18381,-85.73127,Bay,Bay,12,005,00295738,0500000US12005,12005,Bay,06,1964402055,711451660
"Pascagoula, MS",,,,,,,,,,,849734,,51509194,,,,Jackson County,30.36431,-88.55687,Jackson,Jackson,28,059,00695753,0500000US28059,28059,Jackson,06,1871915875,830485604
"Paulsboro, NJ",,,,,,,,19187536,,,,,,,,28377560,Camden County,39.89857,-75.12652,Camden,Camden,34,007,00882273,0500000US34007,34007,Camden,06,573287175,15729813
"Pembina, ND",249252261,361348693,320578295,202001973,170092647,136020630,1065204771,557403,6211705,84550600,195824367,186819629,95739661,76880783,224514708,83759124,Pembina County,48.99918,-97.23923,Pembina,Pembina,38,067,01034212,0500000US38067,38067,Pembina,06,-1397563067,7014875
"Pensacola, FL",,,,,,,,,,,,,30691985,,,,Escambia County,30.40588,-87.21060,Escambia,Escambia,12,033,00295737,0500000US12033,12033,Escambia,06,1701332835,564141187
"Peoria, IL",,,16770,,,139339,,,,,,,,,,,Peoria County,40.74053,-89.55345,Peoria,Peoria,17,143,01784920,0500000US17143,17143,Peoria,06,1603693533,29505061
"Perth Amboy, NJ",,,589696,188994,,,8451,24557591,,,414925,20174,,,3642963,83743316,Middlesex County,40.51974,-74.25945,Middlesex,Middlesex,34,023,00882230,0500000US34023,34023,Middlesex,06,800962803,35374817
"Philadelphia International Airport, PA",115391,,2866886,6986203,118222,15202,28145683,31681,68682,3230,2715222,3565920,8631968,365567,10224323,73505,,39.87440,-75.24242,Philadelphia,Philadelphia,42,101,01209187,0500000US42101,42101,Philadelphia,06,347519465,22089787
"Philadelphia, PA",13886,116566509,1220779516,50304113,1479503535,48384319,1181603062,177737355,198658,94120,16912703,20381403,63635391,5587859,72303874,4840902,Philadelphia County,39.98047,-75.08958,Philadelphia,Philadelphia,42,101,01209187,0500000US42101,42101,Philadelphia,06,347519465,22089787
"Phoenix, AZ",,,482154,494355,1790053,2083,113047,3295492,,,562554,,40555,105451,359524,2953,Maricopa County,33.43727,-112.00779,Maricopa,Maricopa,04,013,00037026,0500000US04013,04013,Maricopa,06,23825796441,64389075
"Piegan, MT",,380433,4019,,,37435,,,7396,,228664,,,2923,,,Glacier County,48.99694,-113.38040,Glacier,Glacier,30,035,01719607,0500000US30035,30035,Glacier,06,7756748578,106139963
"Pittsburgh, PA",,,2117,,,28837,97673,,,,3935,,,,13797,,Allegheny County,40.44191,-79.99777,Allegheny,Allegheny,42,003,01213657,0500000US42003,42003,Allegheny,06,1890889706,37411488
"Plymouth, MA",,,,,,,,,,,,,9413,,,,Plymouth County,41.98731,-70.71237,Plymouth,Plymouth,25,023,00606938,0500000US25023,25023,Plymouth,06,1706313612,1125287797
"Point Roberts, WA",,,7686,,,,,566192,,44848,47736,27172,5353,,6407,15318,Whatcom County,49.00132,-123.06817,Whatcom,Whatcom,53,073,01529224,0500000US53073,53073,Whatcom,06,5459395531,1028184731
"Ponce, PR",,,,,,,27142119,,,,,,,,281035,,Playa,17.97034,-66.61512,Ponce,Ponce,72,113,01804537,0500000US72113,72113,Ponce,13,297322114,204115046
"Port Angeles, WA",,,,3139,,5472,,,,31231,2104912,296015,97408,1169023,1422377,100132,Clallam County,47.97684,-123.53688,Clallam,Clallam,53,009,01531341,0500000US53009,53009,Clallam,06,4503153139,-1881089760
"Port Arthur, TX",,,,,,,23409254,6500,,,,,,,,,Jefferson County,29.96835,-94.02276,Jefferson,Jefferson,48,245,01383908,0500000US48245,48245,Jefferson,06,-2025335880,612122543
"Port Canaveral, FL",,,310152,,,,9580628,89585190,,,188066,3900,8052,,64140603,,Brevard County,28.40387,-80.61260,Brevard,Brevard,12,009,00295749,0500000US12009,12009,Brevard,06,-1665113968,1402820790
"Port Everglades, FL",,22889990,520802955,15025896,389123698,51824558,231163120,1113732718,928404,9424925,465470924,56692922,330803814,100571648,406573889,66944325,Broward County,26.09152,-80.12427,Broward,Broward,12,011,00295753,0500000US12011,12011,Broward,06,-1168965328,300067051
"Port Hueneme, CA",,,321903364,,26151675,26050,514602,57216,,228446,25068951,80144,191843,55163,18285906,51969,Ventura County,34.14917,-119.20872,Ventura,Ventura,06,111,00277320,0500000US06111,06111,Ventura,06,4773390489,945942791
"Port Huron, MI",65044981,75491531,225084208,79536840,27971317,310130288,442725712,71128821,22076551,121596779,1104641518,523961397,233224857,581141177,1355689618,554025203,St Clair County,42.97509,-82.42575,St. Clair,St. Clair,26,147,01625033,0500000US26147,26147,St. Clair,06,1867861159,298681155
"Port Manatee, FL",,14854334,163341988,,,,24122703,,,,23100,5080,141120,102671,58613131,,Manatee County,27.63364,-82.56149,Manatee,Manatee,12,081,00295744,0500000US12081,12081,Manatee,06,1924766330,387447446
"Port Sulphur, LA",,,,,,,,,,,12000,24558,,,,,Plaquemines Parish,29.47917,-89.69514,Plaquemines,Plaquemines,22,075,00558125,0500000US22075,22075,Plaquemines,15,2021056000,4628015820
"Port Townsend, WA",,,,,,,,,,,35157,5607,,,,,Jefferson County,48.10765,-122.77973,Jefferson,Jefferson,53,031,01531936,0500000US53031,53031,Jefferson,06,4671790710,994835539
"Portal, ND",151046422,266569280,221069391,22740511,79283809,19893443,137744098,4425471,6263234,35744105,159534584,245530630,89660339,84676577,321834088,213968987,Burke County,48.99836,-102.55334,Burke,Burke,38,013,01034235,0500000US38013,38013,Burke,06,-1436701374,65700835
"Porthill, ID",,254567,1054722,,,,,5193354,8248,,36025,,,,182427,62583,Boundary County,48.99926,-116.49897,Boundary,Boundary,16,021,00395159,0500000US16021,16021,Boundary,06,-1008977125,24160676
"Portland International Airport, WA",11500,,155488,256462,131919,,80922,116215,,18422,11355611,384490,1345354,7880,381792,29316,Multnomah County,45.58977,-122.59509,Multnomah,Multnomah,41,051,01135861,0500000US41051,41051,Multnomah,06,1116597727,88213123
"Portland, ME",21000,,6386834,9035,,,8380011,5011772,,,7097644,448353,,145584,3054557,,Cumberland County,43.65758,-70.24060,Cumberland,Cumberland,23,005,00581288,0500000US23005,23005,Cumberland,06,-2130576351,988820985
"Portland, OR",,1641984,122315823,4064904,12297464,3466677,39655702,21932134,,1476437995,792328841,8861045,8429374,6334562,25656967,1881006,Multnomah County,45.58809,-122.58908,Multnomah,Multnomah,41,051,01135861,0500000US41051,41051,Multnomah,06,1116597727,88213123
"Portsmouth, NH",,,,40653,,43994,902772,42890,,,82958,,44831,95640,38272082,,Rockingham County,43.08231,-70.76217,Rockingham,Rockingham,33,015,00873181,0500000US33015,33015,Rockingham,06,1800347172,259322762
"Presidio, TX",93808149,137568,19227541,,4912,,,,27069624,2833761,9276154,230125,,7437,1545518,,Presidio County,29.56207,-104.39064,Presidio,Presidio,48,377,01383974,0500000US48377,48377,Presidio,06,9985057447,1773188
"Progreso, TX",,,122968011,7686,,3472,3752946,,,146859182,40266295,18211029,,11865861,3456591,,Hidalgo County,26.06331,-97.94949,Hidalgo,Hidalgo,48,215,01383893,0500000US48215,48215,Hidalgo,06,-226356858,31102594
"Providence, RI",,,1302,2452677,,,,160722617,,,,386525,,,102061,24736565,Providence County,41.78885,-71.38360,Providence,Providence,44,007,01219781,0500000US44007,44007,Providence,06,1060698086,67732522
"Raymond, MT",14978891,2510438,8144438,5253487,80978,3354311,2014540,,200599,154428,42343180,3371516,304813,157285,2056125,332417,Sheridan County,48.99725,-104.57531,Sheridan,Sheridan,30,091,01677577,0500000US30091,30091,Sheridan,06,4340302863,75079144
"Reno, NV",,,,,,,,,,,,,8846,,,,Washoe County,39.50977,-119.77680,Washoe,Washoe,32,031,00858608,0500000US32031,32031,Washoe,06,16323099199,621146345
"Richford, VT",,9160571,338837,3610334,,1056962,111159,,,27419,2747,740964,,,20496,,Franklin County,45.01376,-72.66274,Franklin,Franklin,50,011,01461762,0500000US50011,50011,Franklin,06,1641633748,150930318
"Richmond, CA",,,,,,,270881487,3085235,,,,,,,31184713,,Contra Costa County,37.92370,-122.38900,Contra Costa,Contra Costa,06,013,01675903,0500000US06013,06013,Contra Costa,06,1871930816,209819213
"Richmond-Petersburg, VA",,,120847,451752,,,,,,,,,,,5260,,King William County,37.55266,-76.81064,King William,King William,51,101,01480138,0500000US51101,51101,King William,06,709504128,30286031
"Rio Grande City, TX",,17266,100278339,,30578,506880,3053949,3433402,,1028401,71616,,,,146206,3168,Starr County,26.36729,-98.80143,Starr,Starr,48,427,01383999,0500000US48427,48427,Starr,06,-1126948052,15346370
"Rochester, NY",,,,43398,,,,,,,,7695,,19204,90935,,Monroe County,43.25574,-77.60730,Monroe,Monroe,36,055,00974126,0500000US36055,36055,Monroe,06,1702166306,1837580224
"Rockford Airport, IL",,,679,6774,,,,,22400,,18754,146868,16720,,618318,,Winnebago County,42.20193,-89.09560,Winnebago,Winnebago,17,201,01785216,0500000US17201,17201,Winnebago,06,1329696036,15107670
"Rockland, ME",,,,,,,,,,,,,,12342,4961,,Knox County,44.10059,-69.10772,Knox,Knox,23,013,00581292,0500000US23013,23013,Knox,06,945693972,2017106979
"Roma, TX",,,607663,,,,251650,,,,741170,634984,,47618,83860,1497774,Starr County,26.40408,-99.01683,Starr,Starr,48,427,01383999,0500000US48427,48427,Starr,06,-1126948052,15346370
"Roseau, MN",,311249,967841,2323281,,4969330,,,,36051,,117743,,,5437,,Roseau County,48.99860,-95.76758,Roseau,Roseau,27,135,00659513,0500000US27135,27135,Roseau,06,4329460632,16924718
"Sabine, TX",,,,,,,,,,9390000,,,,,,,Jefferson County,29.73355,-93.89433,Jefferson,Jefferson,48,245,01383908,0500000US48245,48245,Jefferson,06,-2025335880,612122543
"Sacramento International Airport, CA",,,,5655,,,,,,,,,,,,,Sacramento County,38.69509,-121.59006,Sacramento,Sacramento,06,067,00277298,0500000US06067,06067,Sacramento,06,-1795783679,76073827
"Saginaw-Bay City, MI",,,,,,,,,,,93126,,40355,77499,34653,83353,,43.64289,-83.85130,Bay,Bay,26,017,01622951,0500000US26017,26017,Bay,06,1145557693,487990590
"Salt Lake City, UT",,,105158,681,,13500,3139274,6012,1211906,,118130,40800,,,1223575,20821,Salt Lake County,40.78663,-111.98437,Salt Lake,Salt Lake,49,035,01448031,0500000US49035,49035,Salt Lake,06,1921906753,164903357
"San Antonio, TX",,,,,,,,,,,40321,72513,102839,9618,45130,,Bexar County,29.38613,-98.57170,Bexar,Bexar,48,029,01383800,0500000US48029,48029,Bexar,06,-1083698272,41953084
"San Bernardino International Airport, CA",,,,,,,,,,,5968,,,,,,San Bernardino County,34.10085,-117.24668,San Bernardino,San Bernardino,06,071,00277300,0500000US06071,06071,San Bernardino,06,51948120575,123845026
"San Diego, CA",,,202705526,206902,51587945,212800,2375445,226603,,177810,6134634,3541128,439297,48553,2400055,2114549,San Diego County,32.73532,-117.17722,San Diego,San Diego,06,073,00277301,0500000US06073,06073,San Diego,06,10895149811,826195031
"San Francisco International Airport, CA",1349030,9960,115608442,4826852,31575170,226269,23685798,4499727,4942858,110072,244088467,7944745,30142539,717659,33915081,35540232,San Mateo County,37.62131,-122.37896,San Mateo,San Mateo,06,081,00277305,0500000US06081,06081,San Mateo,06,1161658961,757412213
"San Francisco, CA",,179110,29230946,4718190,3461802,7909897,57744792,15623841,,25045724,15703458,1060777,625445,90044,12436441,157812,San Francisco County,37.79684,-122.39508,San Francisco,San Francisco,06,075,00277302,0500000US06075,06075,San Francisco,06,121455687,479136515
"San Jose International Airport, CA",,,,,,,7240,275453,,,976281,56772,4869,,235107,,Santa Clara County,37.36395,-121.92894,Santa Clara,Santa Clara,06,085,00277307,0500000US06085,06085,Santa Clara,06,-950757275,33276429
"San Juan International Airport, PR",115000,,1965353,3000,147385,53590,263962,164014,150000,25692,44710,,,2123651,1359354,14145,,18.43758,-66.00398,Carolina,Carolina,72,031,01804495,0500000US72031,72031,Carolina,13,117470773,38766061
"San Juan, PR",,81143777,150873194,20881556,212589570,69204664,247289895,205460553,26000,1006911,18259417,6628744,1742696,10206708,53311557,40901192,,18.46320,-66.11316,San Juan,San Juan,72,127,01804544,0500000US72127,72127,San Juan,13,123919818,75387985
"San Luis, AZ",3810741,,197765530,4788,15676180,997706,5294551,,46400,2529,81495417,1740333,6261987,863128,4001274,239874,Yuma County,32.48541,-114.78146,Yuma,Yuma,04,027,00023901,0500000US04027,04027,Yuma,06,14281265636,13171316
"San Ysidro, CA",,,,,,,,,,1251482,1698122,1776135,,13051072,10619211,109794,San Diego County,32.54236,-117.03603,San Diego,San Diego,06,073,00277301,0500000US06073,06073,San Diego,06,10895149811,826195031
"Santa Teresa, NM",273939096,1049095,48765588,,,,124359316,,8767529,4000,8594554,,75118,1104398,16684464,5005,Doña Ana County,31.85586,-106.63919,Doña Ana,,35,013,00929109,0500000US35013,35013,Doña Ana,06,9863101539,17658237
"Sarles, ND",,148733,3870,,,,,,,,11778,,,,4600,,Cavalier County,48.99948,-98.93741,Cavalier,Cavalier,38,019,01035304,0500000US38019,38019,Cavalier,06,-439121145,54931547
"Sasabe, AZ",,,,,,,,,4500,,287008,,,,,,Pima County,31.48369,-111.54457,Pima,Pima,04,019,00025446,0500000US04019,04019,Pima,06,23794775138,5273054
"Sault Ste Marie, MI",32014,,2180457,116093,3324252,295208,13079752,503275,10913,339199,21396838,2696771,7054734,9723084,18112362,2729070,Chippewa County,46.49487,-84.36810,Chippewa,Chippewa,26,033,01622959,0500000US26033,26033,Chippewa,06,-258651872,-1342487873
"Savannah, GA",2772386,42024758,444361297,83733718,605175522,83439347,1225696013,613161814,1349077,17423253,1976427650,211378742,1317014141,72848055,564551456,441838523,Chatham County,32.12846,-81.15147,Chatham,Chatham,13,051,01694477,0500000US13051,13051,Chatham,06,1111258870,526292292
"Scobey, MT",,,92400,,,,,,,180928,654989,37138,,53430,34494,16196,,48.99846,-105.40882,Daniels,Daniels,30,019,01637566,0500000US30019,30019,Daniels,06,-601609712,1021697
"Seattle, WA",,20911408,467437695,133646828,562192372,34013822,253723438,166558670,44386,563561274,2040366261,239859201,1079632573,69650439,1008467237,20200023,King County,47.65573,-122.38008,King,King,53,033,01531933,0500000US53033,53033,King,06,5479358152,496938646
"Seattle-Tacoma International Airport, WA",318111,,17501115,4197399,3450304,14944,27681237,155108,551982,27680,119743185,2829655,72290481,2033724,8994107,534289,King County,47.45025,-122.30882,King,King,53,033,01531933,0500000US53033,53033,King,06,5479358152,496938646
"Selby, CA",,,,,,,,144231432,,,,,,,,,Contra Costa County,38.04478,-122.18858,Contra Costa,Contra Costa,06,013,01675903,0500000US06013,06013,Contra Costa,06,1871930816,209819213
"Sherwood, ND",,663110,9327640,,,,,,,,5549,,,,,,Renville County,48.99790,-101.62837,Renville,Renville,38,075,01034229,0500000US38075,38075,Renville,06,-2023410552,40648334
"Shreveport-Bossier City, LA",,,,,,,,,4464335,,,,,,1720176,,Caddo Parish,32.45446,-93.82315,Caddo,Caddo,22,017,00558458,0500000US22017,22017,Caddo,15,-2019611806,150398853
"Sioux Falls, SD",,,,,,,,,488749,,274287,5664,16337,,109816,,Minnehaha County,43.58732,-96.73448,Minnehaha,Minnehaha,46,099,01265772,0500000US46099,46099,Minnehaha,06,2090540344,17349847
"Sitka, AK",,,,,405249,,,,,,,,39561,,,,Sitka,57.05031,-135.33329,Sitka,Sitka,02,220,01419981,0500000US02220,02220,Sitka,03,7434257623,5027224724
"Skagway, AK",,,,,,,,,,28254,,242663,1164712,,,,Skagway,59.45026,-135.32377,Skagway,Skagway,02,230,02339479,0500000US02230,02230,Skagway,12,1171502804,30331285
"Sodus Point, NY",,,,,,,,,,15332,,,,,,,Wayne County,43.26776,-76.97970,Wayne,Wayne,36,117,00974156,0500000US36117,36117,Wayne,06,1563903156,2018194942
"Spokane, WA",,,,1510,,,2725,,,,,,,,,6569,Spokane County,47.76113,-117.39086,Spokane,Spokane,53,063,01529225,0500000US53063,53063,Spokane,06,4568578482,43315180
"St. Albans, VT",,,,,,,,,,,,4275,,,270941,,Franklin County,44.80943,-73.08416,Franklin,Franklin,50,011,01461762,0500000US50011,50011,Franklin,06,1641633748,150930318
"St. John, ND",,,2894169,,,,,,2566,8860,10526,62413,,,,,Rolette County,48.99872,-99.65856,Rolette,Rolette,38,079,01034228,0500000US38079,38079,Rolette,06,-1956013508,93938154
"St. Louis, MO",,,,155692,,,,9493888,2552,,,,33517,,,,,38.65195,-90.18375,St. Louis,St. Louis,29,510,00767557,0500000US29510,29510,St. Louis,25,160458044,10670040
"St. Petersburg, FL",,,,,,,,,,,,,64320,,,,Pinellas County,27.76086,-82.62982,Pinellas,Pinellas,12,103,00295745,0500000US12103,12103,Pinellas,06,709121803,865923364
"St. Rose, LA",,,,,,,,,,,,,,,14651139,,Jefferson Parish,29.96359,-90.24800,Jefferson,Jefferson,22,051,00558027,0500000US22051,22051,Jefferson,15,765682137,897184724
"Stockton, CA",,18442550,45667508,,,23517,5682885,5697,,177527000,,29211816,,,,,San Joaquin County,37.95104,-121.32661,San Joaquin,San Joaquin,06,077,00277303,0500000US06077,06077,San Joaquin,06,-688690698,89025932
"Sumas, WA",21249789,2954890,214409610,23200696,3982259,21170711,39726814,18692137,12129316,11748935,81674320,17789340,6442326,14974109,57268941,6798579,Whatcom County,49.00191,-122.26607,Whatcom,Whatcom,53,073,01529224,0500000US53073,53073,Whatcom,06,5459395531,1028184731
"Sweetgrass, MT",267153408,47836456,89028450,88404820,623951810,44636714,191852625,4831497,20245128,8170428,583735960,63201656,82528470,64281136,190785830,39133249,Toole County,48.99818,-111.96028,Toole,Toole,30,101,01719566,0500000US30101,30101,Toole,06,4959885520,78009540
"Syracuse, NY",,,,,,,,24679,43323,,,,,,,,Onondaga County,43.11163,-76.12411,Onondaga,Onondaga,36,067,00974132,0500000US36067,36067,Onondaga,06,2016071028,70469619
"Tacoma, WA",,5701816,108272186,87671280,108065848,10790717,97775802,31846574,15744,635587630,2413805774,451310174,842289157,81573241,802203645,23803583,Pierce County,47.26547,-122.41231,Pierce,Pierce,53,053,01529159,0500000US53053,53053,Pierce,06,4321389830,354692944
"Tampa, FL",,1526223,3497603,1309695,9667080,399389,160539923,182131921,,636219,750132,38864956,484342,5054159,35731049,562869,Hillsborough County,27.86039,-82.53211,Hillsborough,Hillsborough,12,057,00295757,0500000US12057,12057,Hillsborough,06,-1652366279,635592710
"Tecate, CA",,,1467858,,,390339,3957641,2046059,,3316,307635,603614,107850,1449549,4978151,,,32.57697,-116.62716,San Diego,San Diego,06,073,00277301,0500000US06073,06073,San Diego,06,10895149811,826195031
"Texas City, TX",,,,,,,,,,,,3050,58664,72746,776475,579031383,Galveston County,29.37578,-94.90327,Galveston,Galveston,48,167,01383869,0500000US48167,48167,Galveston,06,981463489,1281660465
"Toledo-Sandusky, OH",,123458305,2872061,,,,11760,135374,,3324950,344254482,,,,70068,,Ottawa County,41.51237,-82.85821,Ottawa,Ottawa,39,123,01074074,0500000US39123,39123,Ottawa,06,660275593,855032692
"Tri-City Airport, Blountville, TN",,,,,,,,,,,,,,,46264,,Sullivan County,36.47427,-82.40925,Sullivan,Sullivan,47,163,01639793,0500000US47163,47163,Sullivan,06,1070732771,42201523
"Trout River, NY",,483522,52586,6701111,,8336148,50635630,4413048,,796848,8882086,5908464,,,211868,8845785,Franklin County,44.94420,-74.32300,Franklin,Franklin,36,033,00974115,0500000US36033,36033,Franklin,06,-75334814,176707575
"Tucson, AZ",,,3884,,,,,,,,,7500,,,,,Pima County,32.12636,-110.84718,Pima,Pima,04,019,00025446,0500000US04019,04019,Pima,06,23794775138,5273054
"Tulsa, OK",,,,,,,,,22915,,,,,,,,Rogers County,36.23061,-95.74023,Rogers,Rogers,40,131,01101853,0500000US40131,40131,Rogers,06,1749945932,92823523
"Turner, MT",,67794,,17648,,,,,15075,,,93035,,,16461,,,48.99934,-108.38916,,,30,005,01722470,0500000US30005,30005,Blaine,06,10948196441,29079150
"Utica, NY",,,,,,,,,,,12670,,7353,5357,132662,,Oneida County,43.11811,-75.22836,Oneida,Oneida,36,065,00974131,0500000US36065,36065,Oneida,06,-1155045311,117340432
"Van Buren, ME",,626657,913832,305778,26673928,,,,,485242,403154,,,,33289,,Aroostook County,47.15773,-67.93286,Aroostook,Aroostook,23,003,00581287,0500000US23003,23003,Aroostook,06,17278038268,405253178
"Vanceboro, ME",,,,851,,,,34543773,,,175945,884938,,,55832,,Washington County,45.56836,-67.42940,Washington,Washington,23,029,00581300,0500000US23029,23029,Washington,06,6637326623,1800003685
"Vancouver, WA",,,42030,164397,,20930,111260,,,740782446,43003142,2855535,239160,92375,5989637,31296,Clark County,45.64329,-122.70387,Clark,Clark,53,011,01531820,0500000US53011,53011,Clark,06,1627604459,70388546
"Ventura, CA",,,,,,,,,,,,,78450,,,,Ventura County,34.24527,-119.26331,Ventura,Ventura,06,111,00277320,0500000US06111,06111,Ventura,06,4773390489,945942791
"Vicksburg, MS",,,,,,,,,3566,,,,,,,,Warren County,32.34251,-90.87975,Warren,Warren,28,149,00695795,0500000US28149,28149,Warren,06,1524245417,77800995
"Walhalla, ND",,2135487,36914729,,,,,,,30685,1135623,2609900,,,24157,,Pembina County,48.99874,-97.90862,Pembina,Pembina,38,067,01034212,0500000US38067,38067,Pembina,06,-1397563067,7014875
"Warroad, MN",,25494,142986,3546,2782240,25670,28855,762288,3291,59163,359957,162757,,3531,,21107,Roseau County,48.98766,-95.37021,Roseau,Roseau,27,135,00659513,0500000US27135,27135,Roseau,06,4329460632,16924718
"Washington, DC",1528318,2644,10338419,16425240,8703038,241830,30605675,802979,3576967,75249,3838789,25018011,18141080,1413976,12781840,221993,,38.87642,-77.02169,District of Columbia,District of Columbia,11,001,01702382,0500000US11001,11001,District of Columbia,00,158364992,18633403
"West Palm Beach, FL",,,19242379,280008,48494233,282798,52444902,7609636,359112,9405734,43914060,31835719,136330054,33341644,123113481,36903277,Palm Beach County,26.76701,-80.05115,Palm Beach,Palm Beach,12,099,00295761,0500000US12099,12099,Palm Beach,06,5101999314,1070455000
"Westhope, ND",,223580,9534644,,,,,,2695,14323,149016,350437,,,,,Bottineau County,48.99810,-101.01731,Bottineau,Bottineau,38,009,01034227,0500000US38009,38009,Bottineau,06,4321179405,74882085
"Whitetail, MT",,,,,,,,,,,,14637,,,100985,,Bristol County,41.75311,-71.06513,Bristol,Bristol,25,005,00606929,0500000US25005,25005,Bristol,06,1432482514,357547961
"Whitlash, MT",,122746,,,,,,,,,,3675,,,,,Liberty County,48.99565,-111.25926,Liberty,Liberty,30,051,01720036,0500000US30051,30051,Liberty,06,-591306588,44389510
"Willow Run Airport, Ypsilanti, MI",,,,572,,,,,,,,,,,,,,42.23780,-83.52429,Wayne,Wayne,26,163,01623022,0500000US26163,26163,Wayne,06,1585112017,157118555
"Wilmington, DE",,17107923,750631803,98703,27821951,11128188,145159095,3055452,133336364,702442,5217655,5301398,18362105,14802485,38764459,3614342,New Castle County,39.71519,-75.52986,New Castle,New Castle,10,003,00217270,0500000US10003,10003,New Castle,06,1104159377,175370515
"Wilmington, NC",,207563941,14163664,14014104,224886,6855264,20857900,10201171,,2127396,189065481,58003447,122606070,679991,16705397,304029,New Hanover County,34.19627,-77.94833,New Hanover,New Hanover,37,129,01026329,0500000US37129,37129,New Hanover,06,496985298,354006265
"Winston-Salem, NC",,,,,,,,,,,100403,381022,,,,,Guilford County,36.11145,-79.95294,Guilford,Guilford,37,081,01008558,0500000US37081,37081,Guilford,06,1672533675,30735336
"Worcester, MA",,,,,542657,,,,,,,,,,,,Worcester County,42.25306,-71.80674,Worcester,Worcester,25,027,00606940,0500000US25027,25027,Worcester,06,-382436500,177502550
