port,in($)_1,in($)_2,in($)_3,in($)_4,in($)_5,in($)_6,in($)_7,in($)_8,out($)_1,out($)_2,out($)_3,out($)_4,out($)_5,out($)_6,out($)_7,out($)_8,geo_county,geo_lat,geo_lon,fcc_county,fcc_fips,join_STATEFP,join_COUNTYFP,join_COUNTYNS,join_AFFGEOID,join_GEOID,join_NAME,join_LSAD,join_ALAND,join_AWATER,distance
"Aberdeen-Hoquiam, WA",,,,,774724,,,,,855835,495880116,61668446,18466,13455,307481,,Grays Harbor County,46.9678284,-123.8459739,Grays Harbor,53027,53,027,01531823,0500000US53027,53027,Grays Harbor,06,4924343587,834767915,0
"Aguadilla, PR",,,737641,36104,115758,,196206,,,,,,,,21940,35417,,18.4953957,-67.1355779,Aguadilla,72005,72,005,01804482,0500000US72005,72005,Aguadilla,13,94613891,101131781,0
"Alameda, CA",,,,,66780,,,,4243,,42886,,,,,,Alameda County,37.7956123,-122.2791662,Alameda,6001,06,001,01675839,0500000US06001,06001,Alameda,06,1914242789,212979931,0
"Albany, NY",,,473,,,,1396324,,,28916517,,,,,117060,,Albany County,42.6263032,-73.7580336,Albany,36001,36,001,00974099,0500000US36001,36001,Albany,06,1354083641,27161700,0
"Albuquerque, NM",,,11155,,,,,,,,,,,,,,Bernalillo County,35.0817626,-106.7345152,Bernalillo,35001,35,001,01702363,0500000US35001,35001,Bernalillo,06,-1287888508,16475147,0
"Alcan, AK",165738,,400476,38691,,,39411,,,46990,,,13045240,,66305,,Southeast Fairbanks,62.6584334,-141.131215,Southeast Fairbanks,2240,02,240,01419983,0500000US02240,02240,Southeast Fairbanks,05,64147813224,752268780,0
"Alexandria Bay, NY",91880958,1936978,29194415,4272175,9277996,75668533,175473391,20823321,16473975,462122,143918539,17282739,41259514,58472957,165302935,56560625,Jefferson County,44.2970513,-75.975928,Jefferson,36045,36,045,00974121,0500000US36045,36045,Jefferson,06,-1009054452,1524622410,0
"Algonac, MI",,,,,,,,,,,35629,,100205,,,,St Clair County,42.6130715,-82.5458297,St. Clair,26147,26,147,01625033,0500000US26147,26147,St. Clair,06,1867861159,298681155,0
"Allentown, PA",,,,,,,,,,,,95314,,,41683,,Lehigh County,40.6139036,-75.4537958,Lehigh,42077,42,077,01209182,0500000US42077,42077,Lehigh,06,894010231,7898582,0
"Alpena, MI",,,,,,,,,,,,61284,,,,,Alpena County,45.05948,-83.4302844,Alpena,26007,26,007,01622946,0500000US26007,26007,Alpena,06,1481125303,-1386252748,0
"Amarillo, TX",,,,,,,,,2605,,,,,,,,Potter County,35.1933101,-101.9127663,Potter,48375,48,375,01383973,0500000US48375,48375,Potter,06,-1942215423,35190086,0
"Ambrose, ND",,,,,,,,,,18538,64242,48835,127946,,13432,,Divide County,48.9977702,-103.4872681,Divide,38023,38,023,01034234,0500000US38023,38023,Divide,06,-1029652246,86629398,0
"Anacortes, WA",,,,,,,91986,,,,3622,,304140,31597,,,Skagit County,48.521744,-122.612822,Skagit,53057,53,057,01531402,0500000US53057,53057,Skagit,06,4481039429,484059449,0
"Anchorage, AK",5120,,3957438,3467457,6572887,60024,11263952,161194,222312,13628,18869226,75294300,1873579562,1241421,21024010,2650857,Anchorage,61.2402778,-149.8861111,Anchorage,2020,02,020,01416061,0500000US02020,02020,Anchorage,12,4420091935,663038187,0
"Annapolis, MD",,,,30051,,,120043,62438,,,,,,,,,Anne Arundel County,38.9635969,-76.478751,Anne Arundel,24003,24,003,01710958,0500000US24003,24003,Anne Arundel,06,1074553083,447833714,0
"Antler, ND",,2246755,2437226,,,,,,,,56296,24099,,,,,Bottineau County,48.9984673,-101.298785,Bottineau,38009,38,009,01034227,0500000US38009,38009,Bottineau,06,4321179405,74882085,0
"Astoria, OR",,,,,,,98871,,,29871,550647,,930499,243582,,,Clatsop County,46.1897701,-123.8572519,Clatsop,41007,41,007,01135846,0500000US41007,41007,Clatsop,06,2145196270,661305228,0.000746859731175197
"Atlanta, GA",4524717,,36744847,17498888,47224376,421635,19463036,2093410,53102196,193195,8563421,11000980,10886019,808221,53058649,1453062,Clayton County,33.639692,-84.3976466,Clayton,13063,13,063,01672399,0500000US13063,13063,Clayton,06,366862137,7057627,0
"Atlantic City User Fee Airport, NJ",,,,,,,,,,,,,,,462827,,Atlantic County,39.4557779,-74.5725117,Atlantic,34001,34,001,00882270,0500000US34001,34001,Atlantic,06,1438982575,301062742,0
"Austin, TX",,,6993,13498,,,19683,,,,11509,3396,40188,3015,9451,,Travis County,30.2021489,-97.666829,Travis,48453,48,453,01384012,0500000US48453,48453,Travis,06,-1726236299,80934469,0
"Avondale, LA",,,,,,,,,,,,,,,13265452,,St Charles Parish,29.971767,-90.2823726,St. Charles,22089,22,089,01629449,0500000US22089,22089,St. Charles,15,719296011,308712052,0
"Baltimore, MD",,35172248,741666705,28758630,254539833,46370531,823719541,427001055,,2571089,31307655,22435978,74427784,19786436,93873038,14141006,,39.2860063,-76.609661,Baltimore,24510,24,510,01702381,0500000US24510,24510,Baltimore,25,209643557,28767622,0
"Baltimore-Washington International Airport, MD",5390,,124675,103958,420049,7000,69495,,27730,,6687,,347301,,401273,,Anne Arundel County,39.1774042,-76.6683922,Anne Arundel,24003,24,003,01710958,0500000US24003,24003,Anne Arundel,06,1074553083,447833714,0
"Bangor, ME",,,,,,,,,,,41799,,13701,85598,48183,30555,Penobscot County,44.8069263,-68.823274,Penobscot,23019,23,019,00581295,0500000US23019,23019,Penobscot,06,8798667306,414015520,0
"Bar Harbor, ME",,,,,,,,,,,,,,14753,,,Hancock County,44.41361,-68.24611,Hancock,23009,23,009,00581290,0500000US23009,23009,Hancock,06,-184682349,1963056832,0
"Baton Rouge, LA",,,12802,,,,10613190,27600,,265962672,72422066,466851196,,,2727710,,West Baton Rouge Parish,30.4346355,-91.2014966,West Baton Rouge,22121,22,121,00559570,0500000US22121,22121,West Baton Rouge,15,498293891,29602238,0
"Battle Creek, MI",,,,,,,,,,,67151,,86896,13878,120713,,Calhoun County,42.3393947,-85.2768713,Calhoun,26025,26,025,01622955,0500000US26025,26025,Calhoun,06,1829249870,31275675,0
"Baudette, MN",,,,,,,,73838,,,211134,64033,13648194,125304,409060,220793,,48.7176199,-94.5942192,Lake of the Woods,27077,27,077,00659483,0500000US27077,27077,Lake of the Woods,06,-933504898,1234896316,0
"Beaufort-Morehead City, NC",,,965204,,,,,,,,,,,,34595,,Carteret County,34.7171727,-76.6650988,Carteret,37031,37,031,01026337,0500000US37031,37031,Carteret,06,1314749437,2131001181,0
"Beaumont, TX",,,,,,,,26585,,295176467,,,,,,,Jefferson County,30.0793963,-94.0923294,Jefferson,48245,48,245,01383908,0500000US48245,48245,Jefferson,06,-2025335880,612122543,0
"Beecher Falls, VT",,,880477,,,,7174,,,,26774,,4274,,6741,,Essex County,45.012768,-71.5061018,Essex,50009,50,009,01461761,0500000US50009,50009,Essex,06,1718726095,28674612,0
"Belfast, ME",,,,,,,,,,13091,8629,,,,,,Waldo County,44.418767,-69.023522,Waldo,23027,23,027,00581299,0500000US23027,23027,Waldo,06,1890504131,318127014,0
"Bellingham, WA",,,8716,5072684,4930075,,,,,186849,3597999,3680012,53609517,523884,498400,731875,Whatcom County,48.7574951,-122.4953805,Whatcom,53073,53,073,01529224,0500000US53073,53073,Whatcom,06,5459395531,1028184731,0
"Blaine, WA",609570,26060239,317327397,299163468,525253797,191269956,326945050,21928199,8851499,27082716,1012538734,65768276,657351635,207567661,470778904,252921569,Whatcom County,48.994467,-122.759004,Whatcom,53073,53,073,01529224,0500000US53073,53073,Whatcom,06,5459395531,1028184731,0
"Boise, ID",,,,,,,,,,,,,,,24740,,Ada County,43.6116897,-116.2878962,Ada,16001,16,001,00395066,0500000US16001,16001,Ada,06,-1568955093,20852173,0
"Boston, MA",,1749740,10283353,18832252,594292820,14417729,179856500,487797106,,113014,1638012,83795338,91244318,2297101,20948231,465541,Suffolk County,42.343651,-71.033022,Suffolk,25025,25,025,00606939,0500000US25025,25025,Suffolk,06,150865086,160470296,0
"Boundary, WA",,,,,,,,,,2665,10104,3873,,,7595,,Stevens County,48.998753,-117.6289533,Stevens,53065,53,065,01531930,0500000US53065,53065,Stevens,06,6416413110,163008888,0
"Bridgeport, CT",,,7855,,,,,,,,,,,,,,Fairfield County,41.1750046,-73.1856273,Fairfield,9001,09,001,00212794,0500000US09001,09001,Fairfield,06,1618664453,549280549,0
"Bridgewater, ME",,200180,546731,,,,9301435,,,289649,1058748,,147826,103323,21273676,,Aroostook County,46.4502092,-67.7861707,Aroostook,23003,23,003,00581287,0500000US23003,23003,Aroostook,06,17278038268,405253178,0
"Brownsville, TX",445013,,31549345,9539836,15678902,17526,189839423,151189,4451623,10825865,383664267,26627296,11045927,7517831,120169539,15590173,Cameron County,25.9508669,-97.4109459,Cameron,48061,48,061,01383816,0500000US48061,48061,Cameron,06,-1987076237,998035120,0
"Brunswick, GA",,23578448,1369235,,2325,,,32933,,2064741,13867270,274674979,538455,6528950,,,Glynn County,31.131813,-81.5368539,Glynn,13127,13,127,01671513,0500000US13127,13127,Glynn,06,1087272602,428512266,0
"Buffalo-Niagara Falls, NY",76755248,91101613,726354465,253875804,423029349,886986120,974321777,127189948,19372657,9682290,1079155274,192998464,363916937,408963254,1212037235,277323424,Niagara County,43.130626,-79.041359,Niagara,36063,36,063,00974130,0500000US36063,36063,Niagara,06,1352887116,1598842827,0
"Burlington, VT",,,,,,,,,,,69485,,,,265450,4504,Chittenden County,44.474218,-73.221388,Chittenden,50007,50,007,01461760,0500000US50007,50007,Chittenden,06,1389740226,214237435,0
"Butte, MT",,,,,,,,,,,,,,,25820,9539,Silver Bow County,46.0010698,-112.6711893,Silver Bow,30093,30,093,01719575,0500000US30093,30093,Silver Bow,06,1859564311,1522160,0
"Calais, ME",160446,,43721271,29341727,767749695,2073396,51201075,14699491,300672,54353,54362664,10114957,178729165,2855670,26971886,3684693,,45.1613254,-67.2990189,Washington,23029,23,029,00581300,0500000US23029,23029,Washington,06,6637326623,1800003685,0.008330933001378
"Calexico, CA",,,,,,,,,,37809122,24541087,6399046,19510363,2441670,23060690,12261840,Imperial County,32.6651897,-115.496081,Imperial,6025,06,025,00277277,0500000US06025,06025,Imperial,06,10817291640,790230304,0
"Calexico-East, CA",,6017302,357125253,3312540,168263916,191629679,169270621,63219540,12728,30270831,169937558,16590789,90860163,48029586,110861624,24890093,Imperial County,32.6655684,-115.499288,Imperial,6025,06,025,00277277,0500000US06025,06025,Imperial,06,10817291640,790230304,0
"Camden, NJ",,,,,,,28838,,,,2147156,,,87711,396867,,Camden County,39.9376731,-75.1292216,Camden,34007,34,007,00882273,0500000US34007,34007,Camden,06,573287175,15729813,0
"Cape Vincent, NY",,,,,,,,,,,125923,79782,,9934,7211,,Jefferson County,44.1289552,-76.3381761,Jefferson,36045,36,045,00974121,0500000US36045,36045,Jefferson,06,-1009054452,1524622410,0
"Carbury, ND",,,1333539,,,,,,,,,5660,,104105,,,Bottineau County,48.9976327,-100.5562352,Bottineau,38009,38,009,01034227,0500000US38009,38009,Bottineau,06,4321179405,74882085,0
"Champlain-Rouses Point, NY",7686511,15521927,216693518,65397739,403431250,88639720,350224058,40351235,31345107,2545175,455575114,41988453,161140739,55327974,388795387,37663129,Clinton County,45.0009143,-73.3677438,Clinton,36019,36,019,00974108,0500000US36019,36019,Clinton,06,-1607200296,206615475,0
"Charleston, SC",,18579721,803461034,117813852,40414873,58260367,232581751,216168713,1092905,3763263,415258000,111012879,340369689,58447425,229971607,424337326,Charleston County,32.7708321,-79.8968733,Charleston,45019,45,019,01252740,0500000US45019,45019,Charleston,06,-1918785134,1141000425,0
"Charlotte Amalie, VI",,,532681,,329823,199266,796651,15473115,,,,,,,99577,703618,Water Island,18.3384508,-64.9397081,St. Thomas,78030,72,049,01804504,0500000US72049,72049,Culebra,13,30115057,407158804,0.282402135783783
"Charlotte, NC",4400,,1223471,3744521,1210229,11962,730624,3616,,,2188221,329706,2952,26283,1502869,23341,Mecklenburg County,35.2717325,-80.9094967,Mecklenburg,37119,37,119,01008570,0500000US37119,37119,Mecklenburg,06,1356116196,56318899,0
"Chester, PA",,,140340540,6711249,3610151,17448380,251447580,21719868,38450090,1217140,979546,668915,39060,441552,35407887,640423,Delaware County,39.8524144,-75.3419458,Delaware,42045,42,045,01209177,0500000US42045,42045,Delaware,06,476226983,17433573,0
"Chicago, IL",19289876,4592292,77341215,102538208,60236291,50695614,204203502,55829406,167562221,3428933,16185870,87615771,46550406,5734312,135903290,7083446,Cook County,41.7287385,-87.5334615,Cook,17031,17,031,01784766,0500000US17031,17031,Cook,06,-1847451039,1786450196,0
"Christiansted, VI",,,456726,,92654,124641,24382523,2927142,,,,,,,,109521,,17.7469291,-64.7075146,St. Croix,78010,72,147,01804554,0500000US72147,72147,Vieques,13,131527813,552206400,0.683995764364207
"Cincinnati-Lawrenceburg, OH",,3873,1007867,4030825,24611,94490,1035848,16462330,70581203,16400,394454,513957,,25927,2483538,652592,Hamilton County,39.099814,-84.511977,Hamilton,39061,21,117,00516905,0500000US21117,21117,Kenton,06,415050645,10605687,0
"Cleveland, OH",4395,250418,19510713,18967949,127167,133888,11420059,1308112,2409908,24816,31824866,9644438,793893,959008,10221149,3935174,Cuyahoga County,41.5014293,-81.7028655,Cuyahoga,39035,39,035,01074030,0500000US39035,39035,Cuyahoga,06,1184014460,2041889938,0
"Columbia, SC",,,650,,,,6500,451279,,,,,,,,,Lexington County,33.944432,-81.1095231,Lexington,45063,45,063,01244251,0500000US45063,45063,Lexington,06,1810553175,151957605,0
"Columbus, NM",9676478,446102,36134242,,,97300,11330,,,,584660,93155,,,,,,31.7844155,-107.6276544,Luna,35029,35,029,00933057,0500000US35029,35029,Luna,06,7679944726,433660,0
"Columbus, OH",,,156076,7698300,31248,93561,407010,19786,,,33434,8039,2759,,27493,,Franklin County,39.9999399,-82.8871767,Franklin,39049,39,049,01074037,0500000US39049,39049,Franklin,06,1378855894,29122804,0
"Coos Bay, OR",,,,,,,,,,,295136,,,,,46440,Coos County,43.367748,-124.213429,Coos,41011,41,011,01135848,0500000US41011,41011,Coos,06,-161386850,544862331,0
"Coral Bay, VI",,,,,,,,,,,11461,4564,26946,4838,19530,9854,Cruz Bay,18.3320603,-64.7945631,St. John,78020,72,049,01804504,0500000US72049,72049,Culebra,13,30115057,407158804,0.427149181768721
"Corpus Christi, TX",,,,,,,,,,577278176,247936212,,,,,,Nueces County,27.8039563,-97.3932329,Nueces,48355,48,355,01383963,0500000US48355,48355,Nueces,06,-2123743578,847262030,0
"Crockett, CA",,,,,,,278454922,,,,,,,,,,Contra Costa County,38.0531281,-122.2252095,Contra Costa,6013,06,095,00277312,0500000US06095,06095,Solano,06,2128380148,218647027,0
"Cruz Bay, VI",,,,,,,,,,,,,,2956,304251,3145669,Cruz Bay,18.3320603,-64.7945631,St. John,78020,72,049,01804504,0500000US72049,72049,Culebra,13,30115057,407158804,0.427149181768721
"Dallas Love Field, Dallas, TX",,,,,,,,,5200,,,,,,,,Dallas County,32.8481029,-96.8512063,Dallas,48113,48,113,01383842,0500000US48113,48113,Dallas,06,-2033735324,92085898,0
"Dallas-Fort Worth, TX",740791,11385,9817748,27676024,21872756,123412,14915563,370626,2140208,42939,6702613,21157236,3201279,306124,13397895,1033052,Dallas County,32.910676,-97.0094811,Dallas,48113,48,113,01383842,0500000US48113,48113,Dallas,06,-2033735324,92085898,0
"Dalton Cache, AK",,,5075,,180486,,,,,,,,4106,,,,,59.4503047,-136.3612427,,,02,100,01419970,0500000US02100,02100,Haines,04,6009296606,1049684477,0.00012048670769826
"Danville, WA",,,,,,,,,,,24105,,,,,,Ferry County,48.9999383,-118.5035294,Ferry,53019,53,019,01531821,0500000US53019,53019,Ferry,06,5706360691,140294376,0
"Dayton, OH",1852019,,,,,,,,1477300,,,,,,270833,,Montgomery County,39.7550722,-84.1854037,Montgomery,39113,39,113,01074069,0500000US39113,39113,Montgomery,06,1195426527,7203231,0
"Del Bonita, MT",,76401,22461,,,,,,14598,,3879619,17654,,,3264,,Division No. 3,48.9987334,-112.7879394,,,30,035,01719607,0500000US30035,30035,Glacier,06,7756748578,106139963,0.000117758664548514
"Del Rio, TX",36216787,,3247537,66964,,,367648,,137489,430903,7224099,3052951,225136,108802,99548,46986,Val Verde County,29.3340299,-100.9180082,Val Verde,48465,48,465,01384018,0500000US48465,48465,Val Verde,06,8144863674,227711349,0
"Denver, CO",242699,,905134,286308,4099922,8169,3576436,201020,1911088,,2095431,688188,89031,9093,4105960,578015,Denver County,39.7577895,-104.9861127,Denver,8031,08,031,00198131,0500000US08031,08031,Denver,06,397133930,4225831,0
"Derby Line, VT",965387,5220129,53356303,25297001,17985703,15125188,67704588,939101,307485,,3156055,1173078,1183619,591295,3833052,481567,Orleans County,45.0045056,-72.0892837,Orleans,50019,50,019,01461766,0500000US50019,50019,Orleans,06,1796376281,71442197,0
"Des Moines, IA",,,,,,,,,,,37416,,,,22438,,Polk County,41.5341333,-93.6587958,Polk,19153,19,153,00465265,0500000US19153,19153,Polk,06,1485836340,46230836,0
"Detour City, MI",,,,,,,,,,,60004,10000,,4564,30990,2897,NoData,45.9969445,-83.8994445,Chippewa,26033,26,033,01622959,0500000US26033,26033,Chippewa,06,-258651872,-1342487873,0
"Detroit Metropolitan Airport, MI",4308133,272191,3557291,817316,495996,166970,1469872,59146,27976,34757,126867,34814,19723,19346,1588748,68675,Wayne County,42.2161722,-83.3553842,Wayne,26163,26,163,01623022,0500000US26163,26163,Wayne,06,1585112017,157118555,0
"Detroit, MI",86857278,147510020,789444354,129763579,557382783,993786508,1343874895,340648173,4498282,213627303,1909557149,361951685,1862832114,865898159,1449329356,327323454,Wayne County,42.327535,-83.0412827,Wayne,26163,26,163,01623022,0500000US26163,26163,Wayne,06,1585112017,157118555,0
"Douglas, AZ",65547817,,48514989,,,,313633,17371,306000,17380,96377198,1595164,39159,51545,614373,346363,Cochise County,31.384423,-109.516895,Cochise,4003,04,003,00025442,0500000US04003,04003,Cochise,06,15966175635,137024922,0
"Duluth, MN - Superior, WI",,,,,675360,,,,,157585078,33012069,22894800,,,,,St Louis County,46.7572947,-92.1017691,St. Louis,27137,27,137,00662850,0500000US27137,27137,St. Louis,06,16181092598,1584976829,0
"Dunseith, ND",106722012,13593193,54582610,2551936,,1417823,1767125,,431436,13852297,22832275,15931201,13954,961487,1054732,116141,Rolette County,48.9983331,-100.0522981,Rolette,38079,38,079,01034228,0500000US38079,38079,Rolette,06,-1956013508,93938154,0
"Durham, NC",,,173817,398135,617355,,2254301,116141,,,83768,40312,,,511152,,Wake County,35.8768885,-78.7926863,Wake,37183,37,183,01008592,0500000US37183,37183,Wake,06,-2132817584,58100780,0
"Eagle Pass, TX",75591482,742407,32085348,15524330,,,186346806,1057730317,20141065,284871487,872095151,327032257,14309153,93042730,503943632,5639178,Maverick County,28.705596,-100.5061141,Maverick,48323,48,323,01383944,0500000US48323,48323,Maverick,06,-981148075,31869807,0.000700061339162169
"Eastport, ID",335264087,58691939,32748143,279563305,27895249,41536190,279213064,5413066,2682017,1567370,200880302,6099831,3386431,36811764,86948580,63771169,Boundary County,49.0001318,-116.1815088,Boundary,16021,16,021,00395159,0500000US16021,16021,Boundary,06,-1008977125,24160676,0
"Eastport, ME",,,,,3946795,,,,38311248,,13403,70968,40957565,10305,26660,,Washington County,44.9076241,-66.984036,Washington,23029,23,029,00581300,0500000US23029,23029,Washington,06,6637326623,1800003685,0.00322127505583435
"El Paso, TX",,141470,233170661,12192730,3862776,14043677,180318067,260662132,6508465,880023361,439916575,221455369,284084218,63736885,745490958,26559995,El Paso County,31.67214,-106.3353211,El Paso,48141,48,141,01383855,0500000US48141,48141,El Paso,06,-1670822809,5443531,0
"El Segundo, CA",,,,,,,51816,,,,,585000,155597,16007,1214464,,Los Angeles County,33.8965571,-118.3925726,Los Angeles,6037,06,037,00277283,0500000US06037,06037,Los Angeles,06,10510651024,1794730436,0
"Escanaba, MI",,,,,,,,8348,,,21242,,,32754,,,Delta County,45.7440779,-87.0446359,Delta,26041,26,041,01622963,0500000US26041,26041,Delta,06,-1261848239,2124391646,0
"Everett, WA",,,128462,,,,,603944,,10913,,,453770,21729,81043,,Snohomish County,48.0007168,-122.2173022,Snohomish,53061,53,061,01529222,0500000US53061,53061,Snohomish,06,5404201031,282769956,0
"Fabens, TX",,,,,,,,,,3380765,,,285001,,,,El Paso County,31.4352601,-106.1422299,El Paso,48141,48,141,01383855,0500000US48141,48141,El Paso,06,-1670822809,5443531,0.00071688618243138
"Fall River, MA",,,28988,,176162,,,453323,,,,,,,14700,,Bristol County,41.7014912,-71.1550451,Bristol,25005,25,005,00606929,0500000US25005,25005,Bristol,06,1432482514,357547961,0
"Fargo, ND",,,,,,,,,3044335,,,57168,,,,,Cass County,46.9196105,-96.8181729,Cass,38017,38,017,01034226,0500000US38017,38017,Cass,06,4571152345,7732475,0
"Fernandina, FL",,,,,385880,,,,,41179,3480524,544510,4287104,2530156,9219971,3330740,Nassau County,30.6277138,-81.5560669,Nassau,12089,12,089,00295730,0500000US12089,12089,Nassau,06,1679966560,200159166,0
"Ferry, WA",,,,,,,,,,,51610,,,29591,69999,,Island County,48.1594884,-122.672507,Island,53029,53,029,01513272,0500000US53029,53029,Island,06,539622439,800242041,0.01772520914016
"Fort Fairfield, ME",,,130089,,,381813,10091814,,,96695,5695639,789879,135130,3629002,3165167,883926,Aroostook County,46.765749,-67.7899427,Aroostook,23003,23,003,00581287,0500000US23003,23003,Aroostook,06,17278038268,405253178,0
"Fort Kent, ME",,,28089,,,,,,395955,1249031,213027,,,,,,,47.2482649,-68.6028918,Aroostook,23003,23,003,00581287,0500000US23003,23003,Aroostook,06,17278038268,405253178,0
"Fort Myers Airport, FL",2850,,,,,2209,2135,4849,,,,,290258,,3160781,13745,Lee County,26.5337051,-81.7553083,Lee,12071,12,071,00295758,0500000US12071,12071,Lee,06,2030766730,1109263864,0
"Fort Pierce, FL",,,,,469948,,,,,141763,342611,517457,1867607,867592,2741384,241254,St Lucie County,27.459089,-80.3263458,St. Lucie,12111,12,111,00308372,0500000US12111,12111,St. Lucie,06,1480637152,300863100,0
"Fort Worth Alliance Airport, TX",,,,,,,,,,,,7310,,,,,Tarrant County,32.9873898,-97.3140628,Tarrant,48439,48,439,01384005,0500000US48439,48439,Tarrant,06,-2058123971,100091246,0
"Fortuna, ND",,,2036,,,,,,,134669,122482,,,,,,,48.9985348,-103.8099643,Divide,38023,38,023,01034234,0500000US38023,38023,Divide,06,-1029652246,86629398,0
"Freeport, TX",,,157945916,,10219000,1456778,3007959,2477,,53784274,59047632,844671,13800911,70188,2849900,924795,Brazoria County,28.9384127,-95.3482611,Brazoria,48039,48,039,01383805,0500000US48039,48039,Brazoria,06,-778250343,649539534,0
"Friday Harbor, WA",,,,,,,417942,,,,8426,,,,,,San Juan County,48.5364079,-123.0168624,San Juan,53055,53,055,01531931,0500000US53055,53055,San Juan,06,450428674,1157428261,0
"Frontier, WA",,,,,,,,,39945,,647589,20533,,10067,314635,,Stevens County,48.9997086,-117.8316724,Stevens,53065,53,065,01531930,0500000US53065,53065,Stevens,06,6416413110,163008888,0
"Ft. Lauderdale International Airport, FL",,,119227,,3339832,,,6228,2921495,,995411,18138,2499145,8899,163187,33724,Broward County,26.0742344,-80.1506022,Broward,12011,12,011,00295753,0500000US12011,12011,Broward,06,-1168965328,300067051,0
"Galveston, TX",,,125966908,,,,,,135478466,262476667,428180,,8300,,19440,,Galveston County,29.3065514,-94.7970765,Galveston,48167,48,167,01383869,0500000US48167,48167,Galveston,06,981463489,1281660465,0
"Georgetown, SC",,,1120,,,,,126220,,,,,,,,,Georgetown County,33.3608856,-79.2926912,Georgetown,45043,45,043,01248002,0500000US45043,45043,Georgetown,06,2107183538,572535186,0
"Gloucester City, NJ",,,,,,,,,,,38074,12600,389115,1116482,1435520,223113,Camden County,39.8985678,-75.1265227,Camden,34007,34,007,00882273,0500000US34007,34007,Camden,06,573287175,15729813,0
"Gramercy, LA",,31227406,,,,,54169047,27003,,2543453044,7404269555,439636089,,5297730,143021289,4186269,St James Parish,30.0476399,-90.6899483,St. James,22093,22,093,01629464,0500000US22093,22093,St. James,15,625582188,42168610,0
"Grand Forks, ND",,,,,,,,,,,26236,6260,,,281758,46030,Grand Forks County,47.942861,-97.176582,Grand Forks,38035,38,035,01034218,0500000US38035,38035,Grand Forks,06,-574770838,8098167,0
"Grand Portage, MN",,,110263,,424957,,,269761,4001,246831,745288,1206049,6304,927387,455386,,Cook County,48.0000232,-89.5889274,Cook,27031,27,031,00659461,0500000US27031,27031,Cook,06,-533345900,4887941605,0
"Grand Rapids, MI",,,5808,,,,,,,,,,,,465033,13601,Kent County,42.8847702,-85.5063677,Kent,26081,26,081,01622983,0500000US26081,26081,Kent,06,-2099514035,62871179,0
"Great Falls, MT",,,8271,330823,,,,,,29420,537786,,431453,63519,305569,39112,Cascade County,47.48219,-111.269984,Cascade,30013,30,013,01719622,0500000US30013,30013,Cascade,06,6988276640,34358092,0
"Green Bay, WI",,,,,,,2971365,,,,16522,,,,,57185173,Brown County,44.475864,-88.055172,Brown,55009,55,009,01581064,0500000US55009,55009,Brown,06,1372031559,222703849,0
"Greenville-Spartansburg, SC",,,953,8581,,,,71338,,,,,,,,,Greenville County,34.872685,-82.2286356,Greenville,45045,45,045,01245489,0500000US45045,45045,Greenville,06,2033561297,25132347,0
"Gulfport, MS",,,253043016,441400,1049520,175654,1241423,648965,60480,417780,204147908,3095366,101810470,3571793,23329893,76664,Harrison County,30.368598,-89.093577,Harrison,28047,28,047,00695747,0500000US28047,28047,Harrison,06,1486713864,1063618187,0
"Hannah, ND",,35494,,,,,,,,,,,,,,,Cavalier County,48.99931,-98.6945381,Cavalier,38019,38,019,01035304,0500000US38019,38019,Cavalier,06,-439121145,54931547,0
"Hansboro, ND",,,4598834,,,,,,3198,,138574,,,,,,Towner County,48.9981385,-99.3484211,Towner,38095,38,095,01034213,0500000US38095,38095,Towner,06,-1641350348,43800577,0
"Harrisburg, PA",,,,,,,,,,,,,,,29358,,Dauphin County,40.2640805,-76.8794826,Dauphin,42043,42,043,01213667,0500000US42043,42043,Dauphin,06,1359893288,85780784,0
"Hartford, CT",,,2430,,,,,,,,,,3725,,,,Hartford County,41.7480081,-72.6430661,Hartford,9003,09,003,00212338,0500000US09003,09003,Hartford,06,1903985507,40128067,0
"Highgate Springs-Alburg, VT",18641872,28937003,43358185,31370357,5949570,26367926,261427404,18864044,1571586,,8429420,1398549,16894601,28645760,59456709,1472814,Franklin County,45.0128851,-73.0854626,Franklin,50011,50,011,01461762,0500000US50011,50011,Franklin,06,1641633748,150930318,0
"Hildago, TX",39296712,6257015,1826533792,712329,1096006,116854015,327608741,3431514,1275254,25753617,228697263,23036616,285008012,6529008,70238299,18196680,Hidalgo County,26.0968854,-98.2699052,Hidalgo,48215,48,215,01383893,0500000US48215,48215,Hidalgo,06,-226356858,31102594,0
"Hilo, HI",,,,,,,,,,,7867,,,,,27814,Hawaii County,19.7285403,-155.0540889,Hawaii,15001,15,001,00365280,0500000US15001,15001,Hawaii,06,10433637858,-1555497266,0
"Honolulu International Airport, HI",657020,2687,14249012,878279,13229004,338205,4074662,107993,442757,88067,15288618,1163282,19891352,482323,14520265,1297822,Honolulu County,21.3245132,-157.9250736,Honolulu,15003,15,003,00365281,0500000US15003,15003,Honolulu,06,1555561841,-240039474,0
"Honolulu, HI",,9832228,16150673,2823224,43837903,16231445,32210943,47265034,,101436,6927447,696485,121335,577633,17991508,25134931,Honolulu County,21.3013326,-157.8651304,Honolulu,15003,15,003,00365281,0500000US15003,15003,Honolulu,06,1555561841,-240039474,0
"Houlton, ME",3102349,854867,105336131,3874648,956622201,26873862,187739127,4118516,1935488,100659,69156346,7308511,109661336,8959265,25500587,8654841,Aroostook County,46.134631,-67.7825761,Aroostook,23003,23,003,00581287,0500000US23003,23003,Aroostook,06,17278038268,405253178,0
"Houston Intercontinental Airport, TX",3931729,19520,5497797,8133648,16442599,132743,11315019,464957,7571951,252960,5042995,4513506,1516766,924476,14734762,438703,Harris County,29.9902199,-95.3367827,Harris,48201,48,201,01383886,0500000US48201,48201,Harris,06,4415561579,188066851,0
"Houston, TX",,46942453,714970554,106965169,453519765,79911431,3630754293,1488276164,69358,1111487371,818956999,108902160,787982492,92094453,1032972224,509299654,Harris County,29.7700369,-95.2945694,Harris,48201,48,201,01383886,0500000US48201,48201,Harris,06,4415561579,188066851,0
"Huntsville, AL",,,105243,17968,,2092,9174025,2423,,,542785,4701887,15776,15697,2520283,48068,Madison County,34.6483274,-86.7748408,Madison,1089,01,089,00161570,0500000US01089,01089,Madison,06,2076157081,28765532,0
"Huron, OH",,,,,,,,,2753,10631,102228,87300,,74508,120473,58674,Madison County,34.6483274,-86.7748408,Madison,1089,01,089,00161570,0500000US01089,01089,Madison,06,2076157081,28765532,0
"Indianapolis, IN",,,12379,41014,6653,,358107,,13013666,,41796,565880,,,15924,20809,Marion County,39.7689961,-86.161358,Marion,18097,18,097,00450371,0500000US18097,18097,Marion,06,1026612130,17179347,0
"International Falls-Ranier, MN",,309530535,14827078,61117680,249800,102132378,498185293,503462,,7600875,71174647,208215663,206069,8994870,84083632,152465641,Koochiching County,48.6055421,-93.4029212,Koochiching,27071,27,071,00659481,0500000US27071,27071,Koochiching,06,8039819285,129002453,0.00494001989670546
"JFK International Airport, NY",151580947,79304,143042929,128729083,241078009,1481965,172779274,21534334,67233307,148539,62534069,56313826,219173382,3301000,131711170,39157021,Queens County,40.6413111,-73.7781391,Queens,36081,36,081,00974139,0500000US36081,36081,Queens,06,281708062,179390933,0
"Jackman, ME",,3317523,7938169,3519892,1476762,392989,16635798,53712,,,74203,137302,193852,11233,5391678,,Somerset County,45.8054303,-70.3958389,Somerset,23025,23,025,00581298,0500000US23025,23025,Somerset,06,10164092046,437895944,0
"Jacksonville, FL",,319497,240711099,6411573,241955799,5322626,97090605,9760509,49753,6264831,47282712,35611724,146796340,25466431,145441142,66447470,Duval County,30.356184,-81.625047,Duval,12031,12,031,00293656,0500000US12031,12031,Duval,06,1975214580,403585903,0
"Jonesport, ME",,,,,,,,,,,,22908,21540,238223,129582,,Washington County,44.5347969,-67.5930111,Washington,23029,23,029,00581300,0500000US23029,23029,Washington,06,6637326623,1800003685,0
"Juneau, AK",,,,,147158,,,,,,12083,,544311,,,,Juneau,58.2986111,-134.4055556,Juneau,2110,02,110,01419971,0500000US02110,02110,Juneau,03,6998163331,1429463661,0
"Kahului, HI",,,,,,,,,,,133249,,,,10250,,Maui County,20.894208,-156.4668209,Maui,15009,15,009,00365283,0500000US15009,15009,Maui,06,-1286616079,-1091675445,0
"Kalama, WA",,,,,,,,,,1508344769,2038065660,23965828,,,,,Cowlitz County,46.0057055,-122.8460479,Cowlitz,53015,53,015,01529156,0500000US53015,53015,Cowlitz,06,-1341249390,67323174,0
"Kansas City, MO",,,,86263,,3704,885570,3662652,4709,,,,,,15300,,Jackson County,39.1090016,-94.5860261,Jackson,29095,29,095,00758502,0500000US29095,29095,Jackson,06,1565835130,30484057,0
"Kenmore Air Harbor, WA",,,,,,,,,,,,,3282,,,34912,King County,47.628574,-122.33983,King,53033,53,033,01531933,0500000US53033,53033,King,06,5479358152,496938646,0
"Ketchikan, AK",,,,,61300,,,,,,,,2550262,,52571,,Ketchikan Gateway,55.3516833,-131.6838562,Ketchikan Gateway,2130,02,130,01419973,0500000US02130,02130,Ketchikan Gateway,04,12583212278,4649427959,0
"Key West, FL",,,8133,,,,,,,,27974,,25377,12314,13130,357586,Monroe County,24.561146,-81.8012645,Monroe,12087,12,087,00295759,0500000US12087,12087,Monroe,06,-1748970119,7133387352,0
"Knoxville, TN",,,,,,,,,,,10040,,,,,,Knox County,35.957303,-83.842681,Knox,47093,47,093,01639761,0500000US47093,47093,Knox,06,1316269093,45712672,0
"Kona, HI",,,,,76012,,,,,,3506458,,,,3953703,,Hawaii County,19.6393742,-155.9969544,Hawaii,15001,15,001,00365280,0500000US15001,15001,Hawaii,06,10433637858,-1555497266,0.00101516159289888
"Lake Charles, LA",,,,,,,,,,189232021,9136496,,17300,8415709,3774662,,Calcasieu Parish,30.2158233,-93.2497472,Calcasieu,22019,22,019,00558468,0500000US22019,22019,Calcasieu,15,-1538429096,77608623,0
"Lancaster, MN",,,434415,,,,,16554,,,63068,,,,,,Kittson County,48.9981272,-96.8003477,Kittson,27069,27,069,00659480,0500000US27069,27069,Kittson,06,-1449072449,12411746,0
"Laredo, TX",26485872,1958000,1316641019,157935714,364044458,515330880,1714109951,779619818,23270457,1083488902,948569107,604957512,2041421775,307930445,2339552204,297711783,Webb County,27.6798234,-99.455272,Webb,48479,48,479,01384025,0500000US48479,48479,Webb,06,8706186702,36555096,0
"Las Vegas, NV",16950,,1617000,99671,540261,2846,524340,9439652,,,1635166,19827,122299,10915,1775052,27342,Clark County,36.1617161,-115.1736045,Clark,32003,32,003,00863600,0500000US32003,32003,Clark,06,20439281442,438376844,0
"Laurier, WA",,,,,,,,,,,497883,,,,,,Ferry County,48.9993776,-118.2243776,Ferry,53019,53,019,01531821,0500000US53019,53019,Ferry,06,5706360691,140294376,0
"Limestone, ME",,267356,75126,,,,,,,345229,195526,,,,31372,,Aroostook County,46.924956,-67.790007,Aroostook,23003,23,003,00581287,0500000US23003,23003,Aroostook,06,17278038268,405253178,0
"Little Rock, AR",,,,,,,4548261,8386564,37772,,3781,7339,,,,,Pulaski County,34.7176717,-92.1746107,Pulaski,5119,05,119,00069177,0500000US05119,05119,Pulaski,06,1964693964,127125478,0
"Logan Airport, MA",469381,,8789190,8544055,64027416,21332,4090231,342361,8111385,,775484,2234822,82993401,12640,4800158,2660,Suffolk County,42.3656132,-71.0095602,Suffolk,25025,25,025,00606939,0500000US25025,25025,Suffolk,06,150865086,160470296,0
"Long Beach, CA",,14179054,256640912,63233227,312279193,62155463,265531670,300924403,,112189730,3158322213,1684361511,1035948584,191907093,1365439886,139069150,Los Angeles County,33.754185,-118.216458,Los Angeles,6037,06,037,00277283,0500000US06037,06037,Los Angeles,06,10510651024,1794730436,0
"Longview, WA",,,15811,6283,,,53203,,,828788525,1049935702,76759838,,,,6829,Cowlitz County,46.108014,-122.9519764,Cowlitz,53015,53,015,01529156,0500000US53015,53015,Cowlitz,06,-1341249390,67323174,0
"Los Angeles International Airport, CA",38453751,,277355062,38684329,239181267,1108512,77390044,3500315,78260377,260709,463156788,9524490,53328523,3934071,249470728,32074676,Los Angeles County,33.9415889,-118.40853,Los Angeles,6037,06,037,00277283,0500000US06037,06037,Los Angeles,06,10510651024,1794730436,0
"Los Angeles, CA",508000,190620849,1950012937,580336811,4177936642,466448063,2026630580,1454774519,85860,138166310,4167755954,1890000112,1829355217,134882532,1698089520,151457411,Los Angeles County,33.7395459,-118.2599686,Los Angeles,6037,06,037,00277283,0500000US06037,06037,Los Angeles,06,10510651024,1794730436,0
"Louisville, KY",,,347666,852947,,8700,471616,123693237,,9197,257855,216967,,,598395,20252,Jefferson County,38.1646749,-85.900067,Jefferson,21111,18,061,00451677,0500000US18061,18061,Harrison,06,1254889453,5193189,0
"Lukeville, AZ",,,,,30603,,33136,,,,189796,,29328,,,20349,Pima County,31.8804244,-112.8169016,Pima,4019,04,019,00025446,0500000US04019,04019,Pima,06,23794775138,5273054,0.000218537227666046
"Lynden, WA",,233920,18496477,2508363,,,14400,32481,386590,111637,40458992,328537,2519432,1739919,6756787,1028445,Whatcom County,49.0016738,-122.4858105,Whatcom,53073,53,073,01529224,0500000US53073,53073,Whatcom,06,5459395531,1028184731,0
"Mackinac Island, MI",,,,,,,,,,,4360,,,,15222,,Mackinac County,45.8509907,-84.614452,Mackinac,26097,26,097,01622991,0500000US26097,26097,Mackinac,06,-1648155368,-1501169467,0
"Madawaska, ME",,,11200,,,,,,,109950,57960,103118,,,291110,19765,Aroostook County,47.3572088,-68.328592,Aroostook,23003,23,003,00581287,0500000US23003,23003,Aroostook,06,17278038268,405253178,0.00227523707706143
"Maida, ND",,167291,2017960,1027462,,,,,,,251292,20769,,,,,Cavalier County,48.9985126,-98.3658475,Cavalier,38019,38,019,01035304,0500000US38019,38019,Cavalier,06,-439121145,54931547,0
"Marquette, MI",,,,,,,,,,,4808,,,49622,,,Marquette County,46.5815701,-87.3845351,Marquette,26103,26,103,01622994,0500000US26103,26103,Marquette,06,4683963838,-109608477,0
"Massena, NY",303646,903414,8368858,12590650,,5651774,17573141,6122491,4971,41872,556030,4268693,677158,264940,4522986,253814,St Lawrence County,44.954776,-74.8242182,St. Lawrence,36089,36,089,00977309,0500000US36089,36089,St. Lawrence,06,6939259168,367916370,0
"Mayaguez, PR",2500,3540722,503835,6089817,23402,44683,3373335,157282,,3030,94229,87500,,156419,42289,23481,,18.2184683,-67.1596786,Mayagüez,72097,72,097,01804529,0500000US72097,72097,Mayagüez,13,201174437,508705758,0.000429905883092106
"Meadows Field Airport Bakersfield, CA",,,2874,,,,,,,,,,,,,,Kern County,35.4329123,-119.056618,Kern,6029,06,029,02054176,0500000US06029,06029,Kern,06,21061589620,79574760,0
"Melbourne Regional Airport, FL",,,,,56286,,,,,,,,,,,,Brevard County,28.1025235,-80.6453675,Brevard,12009,12,009,00295749,0500000US12009,12009,Brevard,06,-1665113968,1402820790,0
"Memphis, TN",3435,260286,2872945,1683478,5130888,119288,12096272,40453,22238474,,2991713,4554791,1979023,13235,5671755,24854,Shelby County,35.1079737,-90.0894328,Shelby,47157,47,157,01639790,0500000US47157,47157,Shelby,06,1977687718,55517852,0
"Metaline Falls, WA",,,,,,,24602,,,,354063,,,,,,Pend Oreille County,48.8508261,-117.3910568,Pend Oreille,53051,53,051,01529157,0500000US53051,53051,Pend Oreille,06,-668337194,65388389,0
"Miami International Airport, FL",88972678,99920814,1376114882,43916211,928974100,1757958,26150694,1161796,49727208,19839347,66315286,44735729,31057102,1679478,117581050,1876134,Miami-Dade County,25.795865,-80.2870457,Miami-Dade,12086,12,086,00295755,0500000US12086,12086,Miami-Dade,06,4917514829,1379208315,0
"Miami, FL",,73382763,874840066,39617900,925110189,42117637,240192628,642710177,417325,11787789,699183532,53770374,258040476,85414077,453584671,178992679,Miami-Dade County,25.7745435,-80.1708802,Miami-Dade,12086,12,086,00295755,0500000US12086,12086,Miami-Dade,06,4917514829,1379208315,0
"MidAmerican Airport, Mascoutah, IL",,,248671,,,,,,,,,,,,,,St Clair County,38.5491996,-89.8216405,St. Clair,17163,17,163,01784987,0500000US17163,17163,St. Clair,06,1703639689,42092622,0
"Milwaukee, WI",,,472803,1139123,,3516289,1226611,2381430,26854,2270588,899116,,,,,,Milwaukee County,43.002812,-87.8911419,Milwaukee,55079,55,079,01581100,0500000US55079,55079,Milwaukee,06,625803949,-1839892825,0
"Minneapolis-St. Paul, MN",38016,91789,6391823,965418,2800254,4185983,18884670,10621383,612718,3444,464494,538758,215701,194717,2664092,43554,Hennepin County,44.8847554,-93.2222846,Hennepin,27053,27,053,00659472,0500000US27053,27053,Hennepin,06,1433923040,137089920,0
"Mobile, AL",,,4788060,212251,669840,391008,114013399,1258571,542241,13485452,248883541,1836556,438341126,2854171,76561922,36583,Mobile County,30.6867801,-88.0381593,Mobile,1097,01,097,00161575,0500000US01097,01097,Mobile,06,-1110835961,1073840930,0
"Monterey, CA",,,,,,,,,,,,,,,75677,38862,Monterey County,36.6116265,-121.8955095,Monterey,6053,06,053,00277291,0500000US06053,06053,Monterey,06,8496669426,1270747469,0
"Morgan City, LA",,,18048,,,,,,,3140,753126,5953,412591,,17612,38680,St Mary Parish,29.69148,-91.1999456,St. Mary,22101,22,101,01629492,0500000US22101,22101,St. Mary,15,1438845622,1460445312,0
"Morristown Airport, Newark, NJ",,,,,,,,,210910,,,2553,141344,26257,9071,421869,Morris County,40.7949743,-74.4232636,Morris,34027,34,027,00882231,0500000US34027,34027,Morris,06,1192817713,54393389,0
"Naco, AZ",,,,,,27532,,,,,,,59723,,,2851,Cochise County,31.3346151,-109.9482737,Cochise,4003,04,003,00025442,0500000US04003,04003,Cochise,06,15966175635,137024922,0
"Nashville, TN",,,,,,,,,,,5393,,16782,,2518,3863,Davidson County,36.2599031,-86.7428733,Davidson,47037,47,037,01639737,0500000US47037,47037,Davidson,06,1304953365,56649279,0
"Nawiliwili-Port Allen, HI",,,,,18495,,,,,,,,,,,,Kauai County,21.9546501,-159.3571378,Kauai,15007,15,007,00365282,0500000US15007,15007,Kauai,06,1605492336,1674244223,0
"Neah Bay, WA",,,,,,,,,,,8373,,,,,,Clallam County,48.3664725,-124.6101308,Clallam,53009,53,009,01531341,0500000US53009,53009,Clallam,06,4503153139,-1881089760,0
"Neche, ND",,315384,7186284,,,,,,17291,147082,27016806,83724,73899,,11337,,Pembina County,48.9990883,-97.5579231,Pembina,38067,38,067,01034212,0500000US38067,38067,Pembina,06,-1397563067,7014875,0
"New Bedford, MA",,,,,31130,87798,,,,,,,577706,,,,,41.635727,-70.921182,Bristol,25005,25,005,00606929,0500000US25005,25005,Bristol,06,1432482514,357547961,0
"New Haven, CT",,,,,,,,21838643,,,,,,,,,New Haven County,41.29187,-72.903237,New Haven,9009,09,009,00212798,0500000US09009,09009,New Haven,06,1565652258,667093746,0
"New Orleans, LA",15213,17802367,894073238,43608041,5239324,2316269,948164210,104530829,3938042,5043457094,7587481045,2010132388,358125339,47442643,1474171679,44317950,Orleans Parish,29.9371087,-90.0614877,Orleans,22071,22,051,00558027,0500000US22051,22051,Jefferson,15,765682137,897184724,0
"New York, NY",,7776566,372644528,44087548,464699350,69132384,410151514,306364608,252996,25126169,381220591,427950928,327115435,198463836,1256942005,125410070,Kings County,40.6839717,-74.0062426,Kings,36047,36,047,00974122,0500000US36047,36047,Kings,06,180813964,69955385,0
"Newark, NJ",18776604,208498276,3358883897,494663548,3231114908,944810491,6320096855,5142455762,4443145,3317750,69999736,64072860,215023401,50604782,298356577,15432953,Essex County,40.6900098,-74.1517532,Essex,34013,34,013,00882276,0500000US34013,34013,Essex,06,326643513,8478686,0
"Newport News, VA",,,,,,,,78982,,,,,388798,15735,19980,,,37.0778545,-76.4680455,Newport News,51700,51,700,01498555,0500000US51700,51700,Newport News,25,178921044,130901482,0
"Newport, OR",,,,,,,,,,1120693,118445,18095205,150000,,33344,,Lincoln County,44.6212018,-124.0483934,Lincoln,41041,41,041,01135856,0500000US41041,41041,Lincoln,06,-1755750171,554661512,0
"Newport, RI",,,,,,,,29241218,,,,244857,,,,,Newport County,41.4834477,-71.3155147,Newport,44005,44,005,01219779,0500000US44005,44005,Newport,06,265313258,546982296,0
"Nogales, AZ",95164994,3888368,2628361210,18782579,284497751,41014774,125792219,206522762,7509592,35693980,406827163,208265401,92442836,22101972,61148070,14982698,Santa Cruz County,31.3360061,-110.965852,Santa Cruz,4023,04,023,00040472,0500000US04023,04023,Santa Cruz,06,-1091354047,3088046,0
"Noonan, ND",,,,,,,,,,,4918963,,,63558,,,Divide County,48.997791,-103.005833,Divide,38023,38,023,01034234,0500000US38023,38023,Divide,06,-1029652246,86629398,0
"Norfolk-Newport News, VA",3260,24712431,1754709717,131357996,705396074,75765190,513057400,919703433,30200,180955782,2163891867,700318090,715498548,102059365,618147321,159334875,,36.8459527,-76.2923695,Norfolk,51710,51,710,01498557,0500000US51710,51710,Norfolk,25,137985835,111697132,0
"Northgate, ND",,11581359,7499601,,,,,,,29934,152853,114259,187282,439605,522822,298847,Burke County,48.9979534,-102.2758604,Burke,38013,38,013,01034235,0500000US38013,38013,Burke,06,-1436701374,65700835,0
"Norton, VT",,3085583,10886842,4037999,,123511,12855441,12322,3772,8645,2646576,258559,21602,122808,1328119,25900,Essex County,45.0103297,-71.7941608,Essex,50009,50,009,01461761,0500000US50009,50009,Essex,06,1718726095,28674612,0.000573515918062707
"Oakland, CA",1450560,111407453,1443195058,192966885,461195629,220995992,820331498,1541848530,484108,424167826,5415978285,406361650,2725219845,135609037,1569400414,866611968,Alameda County,37.7956123,-122.2791662,Alameda,6001,06,001,01675839,0500000US06001,06001,Alameda,06,1914242789,212979931,0
"Ogdensburg, NY",,2236120,2927452,8869703,90310,8388361,6457219,129465,85436,,6527925,3799186,816270,449240,6011673,224572,St Lawrence County,44.718694,-75.455416,St. Lawrence,36089,36,089,00977309,0500000US36089,36089,St. Lawrence,06,6939259168,367916370,0
"Oklahoma City, OK",,,,,,,,,358383,,,,,,,,McIntosh County,35.4404476,-95.5975022,McIntosh,40091,40,091,01101836,0500000US40091,40091,McIntosh,06,1601897950,242913899,0
"Olympia, WA",,,,,,,,,,,69000,,,,,,Thurston County,47.0494629,-122.9032002,Thurston,53067,53,067,01529226,0500000US53067,53067,Thurston,06,1871151578,133733459,0
"Omaha, NE",,,9444529,383,,,24883,328332,,,,,,,,,Douglas County,41.3065177,-95.9043342,Douglas,31055,19,155,00465266,0500000US19155,19155,Pottawattamie,06,-1833023659,22221148,0
"Ontario International Airport, CA",,,,,,,,,,,,,,,20579,4200,San Bernardino County,34.0559781,-117.598057,San Bernardino,6071,06,071,00277300,0500000US06071,06071,San Bernardino,06,51948120575,123845026,0
"Opheim, MT",,102527,147883,,,,,,46529,,413239,472397,,,,,,48.9985038,-106.3808685,Valley,30105,30,105,01678923,0500000US30105,30105,Valley,06,12758543078,351470583,0
"Orlando Executive Airport, FL",,,,,,,,,,,23226,,16293,,26850,,Orange County,28.5462378,-81.3320925,Orange,12095,12,095,00295750,0500000US12095,12095,Orange,06,-1955392699,258804996,0
"Orlando, FL",478430,,8730654,3307235,6118322,84517,1277846,806824,,2684,9622895,163815,182144,188674,14264540,51353,Orange County,28.4323948,-81.4700872,Orange,12095,12,095,00295750,0500000US12095,12095,Orange,06,-1955392699,258804996,0
"Orlando-Sanford Airport, FL",,560973,49353,471647,1522944,,144079,102516,,,2071536,,2777,,151921,,Orange County,28.4001296,-81.5346095,Orange,12095,12,095,00295750,0500000US12095,12095,Orange,06,-1955392699,258804996,0
"Oroville, WA",50559294,115275,18850199,9733832,69061,4053268,3503683,46266,443875,2849325,13883631,522901,6557,733110,15349119,11136352,Okanogan County,48.9993278,-119.4627623,Okanogan,53047,53,047,01531928,0500000US53047,53047,Okanogan,06,13639258855,120536293,0
"Oswego, NY",,8741045,,,,,,,,,5811,7484,,4643,39171,,Oswego County,43.4638516,-76.5103199,Oswego,36075,36,075,00974136,0500000US36075,36075,Oswego,06,-1830221216,933480216,0
"Otay Mesa, CA",314789,1107052,1008615241,3985215,87244544,43695610,109528840,213763563,466560,16665536,302992608,33805447,169737222,60324363,424737619,25632560,San Diego County,32.5505681,-116.9382197,San Diego,6073,06,073,00277301,0500000US06073,06073,San Diego,06,10895149811,826195031,0
"Owensboro-Evansville, IN",,,,,,,,20410204,,,,,,,,,Daviess County,37.7981,-87.149625,Daviess,21059,21,059,00516876,0500000US21059,21059,Daviess,06,1187163562,47158144,0
"Pal-Waukee User Fee Airport, Wheeling, IL",,,55120,,,,,,,,,,,,,,Cook County,42.1170686,-87.9011312,Cook,17031,17,031,01784766,0500000US17031,17031,Cook,06,-1847451039,1786450196,0
"Palm Springs Regional Airport, CA",,,,,,,,,105184,,50358,10581,,,23859,,Riverside County,33.8303194,-116.5070468,Riverside,6065,06,065,00277297,0500000US06065,06065,Riverside,06,18664206749,250926952,0
"Panama City, FL",,,21483203,36412,29278461,183122,12462049,42969,,,53509304,1720780,1313468,1341334,9177005,837093,Bay County,30.1838124,-85.7312747,Bay,12005,12,005,00295738,0500000US12005,12005,Bay,06,1964402055,711451660,0
"Pascagoula, MS",,,,,,,,,,,849734,,51509194,,,,Jackson County,30.3643107,-88.5568708,Jackson,28059,28,059,00695753,0500000US28059,28059,Jackson,06,1871915875,830485604,0
"Paulsboro, NJ",,,,,,,,19187536,,,,,,,,28377560,Camden County,39.8985678,-75.1265227,Camden,34007,34,007,00882273,0500000US34007,34007,Camden,06,573287175,15729813,0
"Pembina, ND",249252261,361348693,320578295,202001973,170092647,136020630,1065204771,557403,6211705,84550600,195824367,186819629,95739661,76880783,224514708,83759124,Pembina County,48.9991793,-97.2392315,Pembina,38067,38,067,01034212,0500000US38067,38067,Pembina,06,-1397563067,7014875,0
"Pensacola, FL",,,,,,,,,,,,,30691985,,,,Escambia County,30.40588,-87.210596,Escambia,12033,12,033,00295737,0500000US12033,12033,Escambia,06,1701332835,564141187,0
"Peoria, IL",,,16770,,,139339,,,,,,,,,,,Peoria County,40.7405322,-89.5534537,Peoria,17143,17,179,01785094,0500000US17179,17179,Tazewell,06,1675426062,28621008,0
"Perth Amboy, NJ",,,589696,188994,,,8451,24557591,,,414925,20174,,,3642963,83743316,Middlesex County,40.519741,-74.2594457,Middlesex,34023,34,023,00882230,0500000US34023,34023,Middlesex,06,800962803,35374817,0
"Philadelphia International Airport, PA",115391,,2866886,6986203,118222,15202,28145683,31681,68682,3230,2715222,3565920,8631968,365567,10224323,73505,,39.8743959,-75.2424229,Philadelphia,42101,42,101,01209187,0500000US42101,42101,Philadelphia,06,347519465,22089787,0
"Philadelphia, PA",13886,116566509,1220779516,50304113,1479503535,48384319,1181603062,177737355,198658,94120,16912703,20381403,63635391,5587859,72303874,4840902,Philadelphia County,39.9804708,-75.0895785,Philadelphia,42101,42,101,01209187,0500000US42101,42101,Philadelphia,06,347519465,22089787,0
"Phoenix, AZ",,,482154,494355,1790053,2083,113047,3295492,,,562554,,40555,105451,359524,2953,Maricopa County,33.4372686,-112.0077881,Maricopa,4013,04,013,00037026,0500000US04013,04013,Maricopa,06,23825796441,64389075,0
"Piegan, MT",,380433,4019,,,37435,,,7396,,228664,,,2923,,,Glacier County,48.9969423,-113.3804028,Glacier,30035,30,035,01719607,0500000US30035,30035,Glacier,06,7756748578,106139963,0
"Pittsburgh, PA",,,2117,,,28837,97673,,,,3935,,,,13797,,Allegheny County,40.4419066,-79.9977734,Allegheny,42003,42,003,01213657,0500000US42003,42003,Allegheny,06,1890889706,37411488,0
"Plymouth, MA",,,,,,,,,,,,,9413,,,,Plymouth County,41.9873125,-70.7123655,Plymouth,25023,25,023,00606938,0500000US25023,25023,Plymouth,06,1706313612,1125287797,0
"Point Roberts, WA",,,7686,,,,,566192,,44848,47736,27172,5353,,6407,15318,Whatcom County,49.0013166,-123.0681702,Whatcom,53073,53,055,01531931,0500000US53055,53055,San Juan,06,450428674,1157428261,0.236832446667683
"Ponce, PR",,,,,,,27142119,,,,,,,,281035,,Playa,17.9703422,-66.6151171,Ponce,72113,72,113,01804537,0500000US72113,72113,Ponce,13,297322114,204115046,0.000581698264838599
"Port Angeles, WA",,,,3139,,5472,,,,31231,2104912,296015,97408,1169023,1422377,100132,Clallam County,47.9768429,-123.5368769,Clallam,53009,53,009,01531341,0500000US53009,53009,Clallam,06,4503153139,-1881089760,0
"Port Arthur, TX",,,,,,,23409254,6500,,,,,,,,,Jefferson County,29.9683461,-94.0227578,Jefferson,48245,48,245,01383908,0500000US48245,48245,Jefferson,06,-2025335880,612122543,0
"Port Canaveral, FL",,,310152,,,,9580628,89585190,,,188066,3900,8052,,64140603,,Brevard County,28.403873,-80.6125974,Brevard,12009,12,009,00295749,0500000US12009,12009,Brevard,06,-1665113968,1402820790,0
"Port Everglades, FL",,22889990,520802955,15025896,389123698,51824558,231163120,1113732718,928404,9424925,465470924,56692922,330803814,100571648,406573889,66944325,Broward County,26.091519,-80.1242692,Broward,12011,12,011,00295753,0500000US12011,12011,Broward,06,-1168965328,300067051,0
"Port Hueneme, CA",,,321903364,,26151675,26050,514602,57216,,228446,25068951,80144,191843,55163,18285906,51969,Ventura County,34.1491718,-119.208719,Ventura,6111,06,111,00277320,0500000US06111,06111,Ventura,06,4773390489,945942791,0.00149866285451553
"Port Huron, MI",65044981,75491531,225084208,79536840,27971317,310130288,442725712,71128821,22076551,121596779,1104641518,523961397,233224857,581141177,1355689618,554025203,St Clair County,42.9750892,-82.4257526,St. Clair,26147,26,147,01625033,0500000US26147,26147,St. Clair,06,1867861159,298681155,0
"Port Manatee, FL",,14854334,163341988,,,,24122703,,,,23100,5080,141120,102671,58613131,,Manatee County,27.6336443,-82.5614858,Manatee,12081,12,081,00295744,0500000US12081,12081,Manatee,06,1924766330,387447446,0.000857002987966151
"Port Sulphur, LA",,,,,,,,,,,12000,24558,,,,,Plaquemines Parish,29.4791699,-89.6951431,Plaquemines,22075,22,075,00558125,0500000US22075,22075,Plaquemines,15,2021056000,4628015820,0
"Port Townsend, WA",,,,,,,,,,,35157,5607,,,,,Jefferson County,48.1076496,-122.7797293,Jefferson,53031,53,031,01531936,0500000US53031,53031,Jefferson,06,4671790710,994835539,0
"Portal, ND",151046422,266569280,221069391,22740511,79283809,19893443,137744098,4425471,6263234,35744105,159534584,245530630,89660339,84676577,321834088,213968987,Burke County,48.9983648,-102.5533437,Burke,38013,38,013,01034235,0500000US38013,38013,Burke,06,-1436701374,65700835,0
"Porthill, ID",,254567,1054722,,,,,5193354,8248,,36025,,,,182427,62583,Boundary County,48.9992551,-116.4989697,Boundary,16021,16,021,00395159,0500000US16021,16021,Boundary,06,-1008977125,24160676,0
"Portland International Airport, WA",11500,,155488,256462,131919,,80922,116215,,18422,11355611,384490,1345354,7880,381792,29316,Multnomah County,45.5897694,-122.5950942,Multnomah,41051,41,051,01135861,0500000US41051,41051,Multnomah,06,1116597727,88213123,0
"Portland, ME",21000,,6386834,9035,,,8380011,5011772,,,7097644,448353,,145584,3054557,,Cumberland County,43.6575823,-70.2406036,Cumberland,23005,23,005,00581288,0500000US23005,23005,Cumberland,06,-2130576351,988820985,0
"Portland, OR",,1641984,122315823,4064904,12297464,3466677,39655702,21932134,,1476437995,792328841,8861045,8429374,6334562,25656967,1881006,Multnomah County,45.5880928,-122.5890832,Multnomah,41051,41,051,01135861,0500000US41051,41051,Multnomah,06,1116597727,88213123,0
"Portsmouth, NH",,,,40653,,43994,902772,42890,,,82958,,44831,95640,38272082,,Rockingham County,43.0823107,-70.7621749,Rockingham,33015,33,015,00873181,0500000US33015,33015,Rockingham,06,1800347172,259322762,0
"Presidio, TX",93808149,137568,19227541,,4912,,,,27069624,2833761,9276154,230125,,7437,1545518,,Presidio County,29.5620736,-104.3906414,Presidio,48377,48,377,01383974,0500000US48377,48377,Presidio,06,9985057447,1773188,0
"Progreso, TX",,,122968011,7686,,3472,3752946,,,146859182,40266295,18211029,,11865861,3456591,,Hidalgo County,26.06331,-97.9494949,Hidalgo,48215,48,215,01383893,0500000US48215,48215,Hidalgo,06,-226356858,31102594,0
"Providence, RI",,,1302,2452677,,,,160722617,,,,386525,,,102061,24736565,Providence County,41.7888484,-71.3836032,Providence,44007,44,007,01219781,0500000US44007,44007,Providence,06,1060698086,67732522,0
"Racine, WI",,,51350,173999,,6417,20281,,3357,,,,,1452586,,,Racine County,42.730303,-87.776052,Racine,55101,55,101,01581111,0500000US55101,55101,Racine,06,861267826,1190381762,0.00251045699337251
"Raymond, MT",14978891,2510438,8144438,5253487,80978,3354311,2014540,,200599,154428,42343180,3371516,304813,157285,2056125,332417,Sheridan County,48.9972501,-104.5753087,Sheridan,30091,30,091,01677577,0500000US30091,30091,Sheridan,06,4340302863,75079144,0
"Reno, NV",,,,,,,,,,,,,8846,,,,Washoe County,39.5097721,-119.7767981,Washoe,32031,32,031,00858608,0500000US32031,32031,Washoe,06,16323099199,621146345,0
"Richford, VT",,9160571,338837,3610334,,1056962,111159,,,27419,2747,740964,,,20496,,Franklin County,45.013758,-72.6627369,Franklin,50011,50,011,01461762,0500000US50011,50011,Franklin,06,1641633748,150930318,0.00159666447248843
"Richmond, CA",,,,,,,270881487,3085235,,,,,,,31184713,,Contra Costa County,37.9236958,-122.3890025,Contra Costa,6013,06,013,01675903,0500000US06013,06013,Contra Costa,06,1871930816,209819213,0
"Richmond-Petersburg, VA",,,120847,451752,,,,,,,,,,,5260,,King William County,37.552658,-76.810639,King William,51101,51,101,01480138,0500000US51101,51101,King William,06,709504128,30286031,0
"Rio Grande City, TX",,17266,100278339,,30578,506880,3053949,3433402,,1028401,71616,,,,146206,3168,Starr County,26.36729,-98.8014267,Starr,48427,48,427,01383999,0500000US48427,48427,Starr,06,-1126948052,15346370,0
"Rochester, NY",,,,43398,,,,,,,,7695,,19204,90935,,Monroe County,43.255745,-77.607298,Monroe,36055,36,055,00974126,0500000US36055,36055,Monroe,06,1702166306,1837580224,0
"Rockford Airport, IL",,,679,6774,,,,,22400,,18754,146868,16720,,618318,,Winnebago County,42.2019276,-89.0955966,Winnebago,17201,17,201,01785216,0500000US17201,17201,Winnebago,06,1329696036,15107670,0
"Rockland, ME",,,,,,,,,,,,,,12342,4961,,Knox County,44.100594,-69.1077192,Knox,23013,23,013,00581292,0500000US23013,23013,Knox,06,945693972,2017106979,0
"Roma, TX",,,607663,,,,251650,,,,741170,634984,,47618,83860,1497774,Starr County,26.4040796,-99.0168273,Starr,48427,48,427,01383999,0500000US48427,48427,Starr,06,-1126948052,15346370,0.00410880064240553
"Roosville, MT",,,85081,122679,,4125,240672,,,2759,1723251,26918,,,71128,,East Kootenay,49.0014927,-115.0550465,,,30,053,01720038,0500000US30053,30053,Lincoln,06,9356865944,161078674,0.0018326711337929
"Roseau, MN",,311249,967841,2323281,,4969330,,,,36051,,117743,,,5437,,Roseau County,48.9985956,-95.7675786,Roseau,27135,27,135,00659513,0500000US27135,27135,Roseau,06,4329460632,16924718,0
"Sabine, TX",,,,,,,,,,9390000,,,,,,,Jefferson County,29.7335518,-93.8943327,Jefferson,48245,48,245,01383908,0500000US48245,48245,Jefferson,06,-2025335880,612122543,0
"Sacramento International Airport, CA",,,,5655,,,,,,,,,,,,,Sacramento County,38.6950854,-121.5900648,Sacramento,6067,06,067,00277298,0500000US06067,06067,Sacramento,06,-1795783679,76073827,0
"Saginaw-Bay City, MI",,,,,,,,,,,93126,,40355,77499,34653,83353,,43.6428949,-83.8513011,Bay,26017,26,017,01622951,0500000US26017,26017,Bay,06,1145557693,487990590,0
"Salem, MA",,,2498,10756,,16062,,,,,,,,16627,294790,,Essex County,42.5237067,-70.8661593,Essex,25009,25,009,00606931,0500000US25009,25009,Essex,06,1275359633,870400284,0
"Salt Lake City, UT",,,105158,681,,13500,3139274,6012,1211906,,118130,40800,,,1223575,20821,Salt Lake County,40.7866257,-111.9843653,Salt Lake,49035,49,035,01448031,0500000US49035,49035,Salt Lake,06,1921906753,164903357,0
"San Antonio, TX",,,,,,,,,,,40321,72513,102839,9618,45130,,Bexar County,29.386134,-98.5716969,Bexar,48029,48,029,01383800,0500000US48029,48029,Bexar,06,-1083698272,41953084,0
"San Bernardino International Airport, CA",,,,,,,,,,,5968,,,,,,San Bernardino County,34.1008469,-117.2466838,San Bernardino,6071,06,071,00277300,0500000US06071,06071,San Bernardino,06,51948120575,123845026,0
"San Diego, CA",,,202705526,206902,51587945,212800,2375445,226603,,177810,6134634,3541128,439297,48553,2400055,2114549,San Diego County,32.7353163,-117.1772172,San Diego,6073,06,073,00277301,0500000US06073,06073,San Diego,06,10895149811,826195031,0
"San Francisco International Airport, CA",1349030,9960,115608442,4826852,31575170,226269,23685798,4499727,4942858,110072,244088467,7944745,30142539,717659,33915081,35540232,San Mateo County,37.6213129,-122.3789554,San Mateo,6081,06,081,00277305,0500000US06081,06081,San Mateo,06,1161658961,757412213,0
"San Francisco, CA",,179110,29230946,4718190,3461802,7909897,57744792,15623841,,25045724,15703458,1060777,625445,90044,12436441,157812,San Francisco County,37.7968374,-122.3950767,San Francisco,6075,06,075,00277302,0500000US06075,06075,San Francisco,06,121455687,479136515,0
"San Jose International Airport, CA",,,,,,,7240,275453,,,976281,56772,4869,,235107,,Santa Clara County,37.3639472,-121.9289375,Santa Clara,6085,06,085,00277307,0500000US06085,06085,Santa Clara,06,-950757275,33276429,0
"San Juan International Airport, PR",115000,,1965353,3000,147385,53590,263962,164014,150000,25692,44710,,,2123651,1359354,14145,,18.4375849,-66.0039818,Carolina,72031,72,031,01804495,0500000US72031,72031,Carolina,13,117470773,38766061,0
"San Juan, PR",,81143777,150873194,20881556,212589570,69204664,247289895,205460553,26000,1006911,18259417,6628744,1742696,10206708,53311557,40901192,,18.463196,-66.113164,San Juan,72127,72,127,01804544,0500000US72127,72127,San Juan,13,123919818,75387985,0
"San Luis, AZ",3810741,,197765530,4788,15676180,997706,5294551,,46400,2529,81495417,1740333,6261987,863128,4001274,239874,Yuma County,32.4854051,-114.7814599,Yuma,4027,04,027,00023901,0500000US04027,04027,Yuma,06,14281265636,13171316,0
"San Pablo Bay, CA",,567420,9121668,,,,498020,,,9508810,128823179,43109776,512287,156643,48074,,,38.043987,-122.4014193,Marin,6041,06,013,01675903,0500000US06013,06013,Contra Costa,06,1871930816,209819213,0.0485479126419541
"San Ysidro, CA",,,,,,,,,,1251482,1698122,1776135,,13051072,10619211,109794,San Diego County,32.5423592,-117.0360315,San Diego,6073,06,073,00277301,0500000US06073,06073,San Diego,06,10895149811,826195031,0
"Santa Teresa, NM",273939096,1049095,48765588,,,,124359316,,8767529,4000,8594554,,75118,1104398,16684464,5005,Doña Ana County,31.855864,-106.6391928,Doña Ana,35013,35,013,00929109,0500000US35013,35013,Doña Ana,06,9863101539,17658237,0
"Sarles, ND",,148733,3870,,,,,,,,11778,,,,4600,,Cavalier County,48.9994756,-98.9374125,Cavalier,38019,38,019,01035304,0500000US38019,38019,Cavalier,06,-439121145,54931547,0
"Sasabe, AZ",,,,,,,,,4500,,287008,,,,,,Pima County,31.4836948,-111.544565,Pima,4019,04,019,00025446,0500000US04019,04019,Pima,06,23794775138,5273054,0
"Sault Ste Marie, MI",32014,,2180457,116093,3324252,295208,13079752,503275,10913,339199,21396838,2696771,7054734,9723084,18112362,2729070,Chippewa County,46.4948726,-84.3680973,Chippewa,26033,26,033,01622959,0500000US26033,26033,Chippewa,06,-258651872,-1342487873,0
"Savannah, GA",2772386,42024758,444361297,83733718,605175522,83439347,1225696013,613161814,1349077,17423253,1976427650,211378742,1317014141,72848055,564551456,441838523,Chatham County,32.1284636,-81.1514697,Chatham,13051,13,051,01694477,0500000US13051,13051,Chatham,06,1111258870,526292292,0
"Scobey, MT",,,92400,,,,,,,180928,654989,37138,,53430,34494,16196,,48.9984565,-105.4088162,Daniels,30019,30,019,01637566,0500000US30019,30019,Daniels,06,-601609712,1021697,0
"Seattle, WA",,20911408,467437695,133646828,562192372,34013822,253723438,166558670,44386,563561274,2040366261,239859201,1079632573,69650439,1008467237,20200023,King County,47.6557261,-122.3800776,King,53033,53,033,01531933,0500000US53033,53033,King,06,5479358152,496938646,0
"Seattle-Tacoma International Airport, WA",318111,,17501115,4197399,3450304,14944,27681237,155108,551982,27680,119743185,2829655,72290481,2033724,8994107,534289,King County,47.4502499,-122.3088165,King,53033,53,033,01531933,0500000US53033,53033,King,06,5479358152,496938646,0
"Selby, CA",,,,,,,,144231432,,,,,,,,,Contra Costa County,38.0447763,-122.1885783,Contra Costa,6013,06,095,00277312,0500000US06095,06095,Solano,06,2128380148,218647027,0
"Sherwood, ND",,663110,9327640,,,,,,,,5549,,,,,,Renville County,48.9979022,-101.6283712,Renville,38075,38,075,01034229,0500000US38075,38075,Renville,06,-2023410552,40648334,0
"Shreveport-Bossier City, LA",,,,,,,,,4464335,,,,,,1720176,,Caddo Parish,32.4544615,-93.8231509,Caddo,22017,22,017,00558458,0500000US22017,22017,Caddo,15,-2019611806,150398853,0
"Sioux Falls, SD",,,,,,,,,488749,,274287,5664,16337,,109816,,Minnehaha County,43.5873233,-96.7344838,Minnehaha,46099,46,099,01265772,0500000US46099,46099,Minnehaha,06,2090540344,17349847,0
"Sitka, AK",,,,,405249,,,,,,,,39561,,,,Sitka,57.0503139,-135.33329,Sitka,2220,02,220,01419981,0500000US02220,02220,Sitka,03,7434257623,5027224724,0
"Skagway, AK",,,,,,,,,,28254,,242663,1164712,,,,Skagway,59.45026,-135.3237741,Skagway,2230,02,230,02339479,0500000US02230,02230,Skagway,12,1171502804,30331285,0
"Sodus Point, NY",,,,,,,,,,15332,,,,,,,Wayne County,43.2677646,-76.9796974,Wayne,36117,36,117,00974156,0500000US36117,36117,Wayne,06,1563903156,2018194942,0
"Spokane, WA",,,,1510,,,2725,,,,,,,,,6569,Spokane County,47.7611298,-117.3908628,Spokane,53063,53,063,01529225,0500000US53063,53063,Spokane,06,4568578482,43315180,0
"St. Albans, VT",,,,,,,,,,,,4275,,,270941,,Franklin County,44.8094325,-73.0841592,Franklin,50011,50,011,01461762,0500000US50011,50011,Franklin,06,1641633748,150930318,0
"St. John, ND",,,2894169,,,,,,2566,8860,10526,62413,,,,,Rolette County,48.9987249,-99.6585596,Rolette,38079,38,079,01034228,0500000US38079,38079,Rolette,06,-1956013508,93938154,0
"St. Louis, MO",,,,155692,,,,9493888,2552,,,,33517,,,,,38.6519524,-90.1837528,St. Louis,29510,29,510,00767557,0500000US29510,29510,St. Louis,25,160458044,10670040,0
"St. Petersburg, FL",,,,,,,,,,,,,64320,,,,Pinellas County,27.7608611,-82.6298206,Pinellas,12103,12,103,00295745,0500000US12103,12103,Pinellas,06,709121803,865923364,0
"St. Rose, LA",,,,,,,,,,,,,,,14651139,,Jefferson Parish,29.963588,-90.2480014,Jefferson,22051,22,051,00558027,0500000US22051,22051,Jefferson,15,765682137,897184724,0
"Stockton, CA",,18442550,45667508,,,23517,5682885,5697,,177527000,,29211816,,,,,San Joaquin County,37.9510351,-121.3266136,San Joaquin,6077,06,077,00277303,0500000US06077,06077,San Joaquin,06,-688690698,89025932,0
"Sumas, WA",21249789,2954890,214409610,23200696,3982259,21170711,39726814,18692137,12129316,11748935,81674320,17789340,6442326,14974109,57268941,6798579,Whatcom County,49.0019067,-122.2660732,Whatcom,53073,53,073,01529224,0500000US53073,53073,Whatcom,06,5459395531,1028184731,0
"Sweetgrass, MT",267153408,47836456,89028450,88404820,623951810,44636714,191852625,4831497,20245128,8170428,583735960,63201656,82528470,64281136,190785830,39133249,Toole County,48.9981794,-111.960285,Toole,30101,30,101,01719566,0500000US30101,30101,Toole,06,4959885520,78009540,0
"Syracuse, NY",,,,,,,,24679,43323,,,,,,,,Onondaga County,43.111632,-76.124113,Onondaga,36067,36,067,00974132,0500000US36067,36067,Onondaga,06,2016071028,70469619,0
"Tacoma, WA",,5701816,108272186,87671280,108065848,10790717,97775802,31846574,15744,635587630,2413805774,451310174,842289157,81573241,802203645,23803583,Pierce County,47.2654682,-122.4123139,Pierce,53053,53,053,01529159,0500000US53053,53053,Pierce,06,4321389830,354692944,0
"Tampa, FL",,1526223,3497603,1309695,9667080,399389,160539923,182131921,,636219,750132,38864956,484342,5054159,35731049,562869,Hillsborough County,27.8603907,-82.5321119,Hillsborough,12057,12,057,00295757,0500000US12057,12057,Hillsborough,06,-1652366279,635592710,0
"Tecate, CA",,,1467858,,,390339,3957641,2046059,,3316,307635,603614,107850,1449549,4978151,,,32.576965,-116.6271579,San Diego,6073,06,073,00277301,0500000US06073,06073,San Diego,06,10895149811,826195031,0
"Texas City, TX",,,,,,,,,,,,3050,58664,72746,776475,579031383,Galveston County,29.3757839,-94.9032711,Galveston,48167,48,167,01383869,0500000US48167,48167,Galveston,06,981463489,1281660465,0
"Toledo-Sandusky, OH",,123458305,2872061,,,,11760,135374,,3324950,344254482,,,,70068,,Ottawa County,41.5123697,-82.8582058,Ottawa,39123,39,123,01074074,0500000US39123,39123,Ottawa,06,660275593,855032692,0
"Tri-City Airport, Blountville, TN",,,,,,,,,,,,,,,46264,,Sullivan County,36.4742739,-82.4092526,Sullivan,47163,47,163,01639793,0500000US47163,47163,Sullivan,06,1070732771,42201523,0
"Trout River, NY",,483522,52586,6701111,,8336148,50635630,4413048,,796848,8882086,5908464,,,211868,8845785,Franklin County,44.9442,-74.323,Franklin,36033,36,033,00974115,0500000US36033,36033,Franklin,06,-75334814,176707575,0
"Tucson, AZ",,,3884,,,,,,,,,7500,,,,,Pima County,32.1263638,-110.8471792,Pima,4019,04,019,00025446,0500000US04019,04019,Pima,06,23794775138,5273054,0
"Tulsa, OK",,,,,,,,,22915,,,,,,,,Rogers County,36.230608,-95.7402324,Rogers,40131,40,131,01101853,0500000US40131,40131,Rogers,06,1749945932,92823523,0
"Turner, MT",,67794,,17648,,,,,15075,,,93035,,,16461,,,48.9993382,-108.3891553,,,30,005,01722470,0500000US30005,30005,Blaine,06,10948196441,29079150,0
"Utica, NY",,,,,,,,,,,12670,,7353,5357,132662,,Oneida County,43.1181098,-75.2283642,Oneida,36065,36,065,00974131,0500000US36065,36065,Oneida,06,-1155045311,117340432,0
"Van Buren, ME",,626657,913832,305778,26673928,,,,,485242,403154,,,,33289,,Aroostook County,47.1577258,-67.9328565,Aroostook,23003,23,003,00581287,0500000US23003,23003,Aroostook,06,17278038268,405253178,0
"Vanceboro, ME",,,,851,,,,34543773,,,175945,884938,,,55832,,Washington County,45.5683587,-67.4294033,Washington,23029,23,029,00581300,0500000US23029,23029,Washington,06,6637326623,1800003685,0
"Vancouver, WA",,,42030,164397,,20930,111260,,,740782446,43003142,2855535,239160,92375,5989637,31296,Clark County,45.6432944,-122.7038707,Clark,53011,53,011,01531820,0500000US53011,53011,Clark,06,1627604459,70388546,0
"Ventura, CA",,,,,,,,,,,,,78450,,,,Ventura County,34.2452717,-119.2633122,Ventura,6111,06,111,00277320,0500000US06111,06111,Ventura,06,4773390489,945942791,0
"Vicksburg, MS",,,,,,,,,3566,,,,,,,,Warren County,32.342515,-90.8797529,Warren,28149,28,149,00695795,0500000US28149,28149,Warren,06,1524245417,77800995,0
"Walhalla, ND",,2135487,36914729,,,,,,,30685,1135623,2609900,,,24157,,Pembina County,48.9987423,-97.9086167,Pembina,38067,38,067,01034212,0500000US38067,38067,Pembina,06,-1397563067,7014875,0
"Warroad, MN",,25494,142986,3546,2782240,25670,28855,762288,3291,59163,359957,162757,,3531,,21107,Roseau County,48.9876645,-95.3702075,Roseau,27135,27,135,00659513,0500000US27135,27135,Roseau,06,4329460632,16924718,0
"Washington, DC",1528318,2644,10338419,16425240,8703038,241830,30605675,802979,3576967,75249,3838789,25018011,18141080,1413976,12781840,221993,,38.8764176,-77.0216918,District of Columbia,11001,11,001,01702382,0500000US11001,11001,District of Columbia,00,158364992,18633403,0
"West Palm Beach, FL",,,19242379,280008,48494233,282798,52444902,7609636,359112,9405734,43914060,31835719,136330054,33341644,123113481,36903277,Palm Beach County,26.7670074,-80.0511523,Palm Beach,12099,12,099,00295761,0500000US12099,12099,Palm Beach,06,5101999314,1070455000,0
"Westhope, ND",,223580,9534644,,,,,,2695,14323,149016,350437,,,,,Bottineau County,48.9980982,-101.0173143,Bottineau,38009,38,009,01034227,0500000US38009,38009,Bottineau,06,4321179405,74882085,0
"Whitetail, MT",,,,,,,,,,,,14637,,,100985,,Bristol County,41.753113,-71.065128,Bristol,25005,25,005,00606929,0500000US25005,25005,Bristol,06,1432482514,357547961,0
"Whitlash, MT",,122746,,,,,,,,,,3675,,,,,Liberty County,48.9956487,-111.2592565,Liberty,30051,30,051,01720036,0500000US30051,30051,Liberty,06,-591306588,44389510,0
"Wildhorse, MT",,57824,,,,,,,,,,,,,,,,48.9995152,-110.2159425,,,30,041,01720048,0500000US30041,30041,Hill,06,7509316053,44201872,0.000265511530310524
"Willow Run Airport, Ypsilanti, MI",,,,572,,,,,,,,,,,,,,42.2378031,-83.5242868,Wayne,26163,26,163,01623022,0500000US26163,26163,Wayne,06,1585112017,157118555,0
"Wilmington, DE",,17107923,750631803,98703,27821951,11128188,145159095,3055452,133336364,702442,5217655,5301398,18362105,14802485,38764459,3614342,New Castle County,39.7151912,-75.5298562,New Castle,10003,10,003,00217270,0500000US10003,10003,New Castle,06,1104159377,175370515,0
"Wilmington, NC",,207563941,14163664,14014104,224886,6855264,20857900,10201171,,2127396,189065481,58003447,122606070,679991,16705397,304029,New Hanover County,34.1962731,-77.9483305,New Hanover,37129,37,129,01026329,0500000US37129,37129,New Hanover,06,496985298,354006265,0
"Winston-Salem, NC",,,,,,,,,,,100403,381022,,,,,Guilford County,36.1114503,-79.9529358,Guilford,37081,37,081,01008558,0500000US37081,37081,Guilford,06,1672533675,30735336,0
"Worcester, MA",,,,,542657,,,,,,,,,,,,Worcester County,42.253058,-71.80674,Worcester,25027,25,027,00606940,0500000US25027,25027,Worcester,06,-382436500,177502550,0
"Wrangell, AK",,,,,850192,,,,,,18212,,26274591,,,,Lake and Peninsula,57.0359019,-156.5579415,Lake and Peninsula,2164,02,164,01419975,0500000US02164,02164,Lake and Peninsula,04,60735852998,24532397600,0
